pair_key,a_source,a_record_id,a_name,a_other_names,a_address,a_postal_code,a_phone,b_source,b_record_id,b_name,b_other_names,b_address,b_postal_code,b_phone,distance_m
nppes:1295907202|osm:node/13089392420,nppes,1295907202,SUMMIT DENTAL P.A.,,10756 BUTTERNUT ST NW,55448,763-757-4170,osm,node/13089392420,Summit Dental Care,,10756 Butternut Street Northwest,55448,,76
nppes:1578505152-pl5|nppes:1871155788,nppes,1578505152-pl5,MINNESOTA ORTHODONTICS,NORTHFIELD ORTHODONTICS,750 MAIN ST STE 217,55118,651-450-7273,nppes,1871155788,PAUL R WILD DDS PA,,"750 MAIN ST, SUITE 215",55118,651-452-0261,0
nppes:1225629017-pl1|nppes:1316538101-pl2,nppes,1225629017-pl1,"GROUP HEALTH, INC.",HEALTHPARTNERS SPECIALTY DENTAL,8515 EAGLE POINT BLVD STE 200,55042,651-523-9950,nppes,1316538101-pl2,"GROUP HEALTH, INC.",HEALTHPARTNERS PEDIATRIC DENTAL,8515 EAGLE POINT BLVD STE 200,55042,651-523-9950,0
nppes:1164546040|nppes:1326044538,nppes,1164546040,"COSMETIC, FAMILY & SPORTS DENTISTRY, PA",,"6545 FRANCE AVE S, SUITE 585",55435,952-922-9119,nppes,1326044538,SOUTHDALE PERIODONTICS,,"6545 FRANCE AVE S, STE 190",55435,952-922-6949,0
nppes:1578505152-pl3|nppes:1962645051,nppes,1578505152-pl3,MINNESOTA ORTHODONTICS,NORTHFIELD ORTHODONTICS,1004 DIFFLEY RD STE 400,55123,651-450-7273,nppes,1962645051,MINNESOTA ORTHODONTICS AND DENTOFACIAL ORTHOPEDICS PA,,1745 N FRONTAGE RD,55033,651-450-7273,20912
nppes:1356854442-pl2|nppes:1518572916,nppes,1356854442-pl2,SMILE ORTHODONTICS STILLWATER LLC,SMILE ORTHODONTICS|SM:)E ORTHO,1670 BEAM AVE STE 202,55109,651-351-7777,nppes,1518572916,SMILE ORTHODONTICS STILLWATER LLC,SMILE ORTHODONTICS,2008 FORD PKWY,55116,651-351-7777,17303
nppes:1356404883|nppes:1992820153,nppes,1356404883,WOODDALE DENTAL GROUP PA,,3401 WOODDALE AVE S,55416,952-929-3336,nppes,1992820153,ORTHODONTIC CARE GROUP,ORTHODONTIC CARE SPECIALISTS,3401 WOODDALE AVE S,55416,952-920-1373,0
nppes:1538216411|nppes:1982767125,nppes,1538216411,MINNESOTA ORTHODONTICS AND DENTOFACIAL ORTHOPEDICS PA,DR. D. ORTHODONTICS,"3475 PLYMOUTH BLVD, SUITE 300",55447,763-559-0559,nppes,1982767125,JEANNE L BARSS DDS MS PA,JEANNE L BARSS DDS MS,"3475 PLYMOUTH BLVD, ST 200",55447,763-694-6158,0
nppes:1619938057|nppes:1952028490,nppes,1619938057,GIEBENHAIN DENTAL ASSOCIATES PA,,"5851 DULUTH STREET, SUITE #103",55422,763-545-0330,nppes,1952028490,"DAN B. ANG DDS, LLC",,"5851 DULUTH STREET, SUITE 313",55422,763-542-8723,0
nppes:1164546040|nppes:1700589264,nppes,1164546040,"COSMETIC, FAMILY & SPORTS DENTISTRY, PA",,"6545 FRANCE AVE S, SUITE 585",55435,952-922-9119,nppes,1700589264,ADVANCED RECONSTRUCTIVE DENTISTRY PLLC,,6545 FRANCE AVE S STE 680,55435,952-922-5326,0
nppes:1073667051|nppes:1316538101-pl1,nppes,1073667051,"GROUP HEALTH, INC.",HEALTHPARTNERS BROOKLYN CENTER DENTAL CLINIC,5901 JOHN MARTIN DR,55430,763-566-3770,nppes,1316538101-pl1,"GROUP HEALTH, INC.",HEALTHPARTNERS PEDIATRIC DENTAL,5901 JOHN MARTIN DR,55430,763-585-8700,0
nppes:1003174764|nppes:1760802722,nppes,1003174764,DENTALIGN P.A.,,7860 MAIN ST,55369,763-420-1030,nppes,1760802722,"DENTALIGN, P.A",TC ORTHODONTICS,470 W 78TH ST,55317,763-420-1030,27194
nppes:1124411772|nppes:1710321930,nppes,1124411772,AHMED SALAD ASSOCIATES,SIGNAL HILL DENTAL,"1200 S ROBERT ST, SUITE C",55118,651-340-9151,nppes,1710321930,BRITE DENTAL WEST ST PAUL PC,,"1200 ROBERT ST S, SUITE C",55118,651-340-9151,0
nppes:1396483996|osm:node/7176583044,nppes,1396483996,DENTISTS OF WEST ST PAUL PC,DENTISTS OF WEST ST PAUL,1740 ROBERT ST S STE 110,55118,651-347-1252,osm,node/7176583044,Dentists of West Saint Paul,,"1740 Robert Street South, Unit 110",55118,,49
nppes:1356854442-pl4|nppes:1518572916,nppes,1356854442-pl4,SMILE ORTHODONTICS STILLWATER LLC,SMILE ORTHODONTICS|SM:)E ORTHO,3007 LYNDALE AVE S,55408,651-351-7777,nppes,1518572916,SMILE ORTHODONTICS STILLWATER LLC,SMILE ORTHODONTICS,2008 FORD PKWY,55116,651-351-7777,8771
nppes:1659611333|nppes:1972748721,nppes,1659611333,"DAN B ANG, DDS,LLC",,"5851 DULUTH ST, SUITE 313",55422,763-542-8723,nppes,1972748721,CENTENNIAL LAKES DENTAL GROUP,,5851 DULUTH ST STE 218,55422,763-544-0121,0
nppes:1649318619|osm:node/6734428577,nppes,1649318619,"RICHARD C AXEL. DDS, PA",,"7935 STONE CREEK DR, #150",55317,952-937-2839,osm,node/6734428577,Stone Creek Dental,,"7935 Stone Creek Drive, 150",55317,,136
nppes:1013153352|nppes:1699838011,nppes,1013153352,ASSOCIATED DENTISTS SHOLOM HOME,,"1371 7TH ST W, SUITE B",55102,651-488-5557,nppes,1699838011,LEXINGTON DENTAL,,"1790 LEXINGTON AVE N, SUITE B",55113,651-488-5557,8345
nppes:1720413263|nppes:1861507329,nppes,1720413263,EXCEL DENTISTRY PLLC,,"1421 WAYZATA BLVD, SUITE 320",55391,952-475-2907,nppes,1861507329,MARK F SOUERS DDS PA,MARK F SOUERS DDS,"1421 WAYZATA BLVD, SUITE #325",55391,952-476-6655,0
nppes:1356854442-pl1|nppes:1689842841,nppes,1356854442-pl1,SMILE ORTHODONTICS STILLWATER LLC,SMILE ORTHODONTICS|SM:)E ORTHO,266 E TRAVELERS TRL STE 105,55337,651-351-7777,nppes,1689842841,"ST. CROIX VALLEY DENTAL, PLLC",NORTHERN ORTHODONTICS,13961 60TH ST N,55082,651-351-7777,45755
nppes:1407325830-pl5|nppes:1760540165,nppes,1407325830-pl5,FACIAL PAIN CENTER PLLC,,"5000 W 38TH STREET, STE. 250",55416,952-926-3858,nppes,1760540165,"PDG, P.A.",PARK DENTAL,"5000 W 36TH ST, SUITE 250",55416,952-920-3700,
nppes:1740923309|osm:node/6391789948,nppes,1740923309,"NORTHLAND DENTAL PARTNERS, PLLC",METRO DENTALCARE CHANHASSEN,7806 MARKET BLVD,55317,952-949-1083,osm,node/6391789948,Metro Dentalcare Chanhassen,,7806 Market Boulevard,55317,+1-952-949-1083,35
nppes:1922185016|nppes:1942214200,nppes,1922185016,LAKE MINNETONKA DENTAL,BRYAN N LASKIN DDS PA,"109 BUSHAWAY RD, SUITE 300",55391,952-475-0225,nppes,1942214200,MCKONE DENTAL CARE DDS PA,,"109 BUSHAWAY RD, SUITE 300",55391,952-475-0225,0
nppes:1235311614|nppes:1356854442-pl10,nppes,1235311614,COMMUNITY DENTAL CARE INC,,1670 BEAM AVE,55109,651-925-8400,nppes,1356854442-pl10,SMILE ORTHODONTICS STILLWATER LLC,SMILE ORTHODONTICS|SM:)E ORTHO,1670 BEAM AVE STE 203,55109,651-351-7777,0
nppes:1053791319|nppes:1184701898,nppes,1053791319,LING FAMILY DENTISTRY,,10945 ULYSSES ST NE,55434,763-784-1993,nppes,1184701898,"LING FAMILY DENTISTRY, P.A.",,7766 HIGHWAY 65 NE,55432,763-784-1993,6690
nppes:1104569839|osm:node/6611097229,nppes,1104569839,FAMILY ORTHODONTIC SPECIALISTS PLC,WOODLAKE ORTHODONTICS ST LOUIS PARK,4959 EXCELSIOR BLVD STE 200,55416,952-920-8774,osm,node/6611097229,Metro Dentalcare,,"4959 Excelsior Boulevard, 200",55416,+1-952-920-8774,109
nppes:1467870303|nppes:1679765929,nppes,1467870303,PAUL BOETTNER DDS PLLC,,1485 COUNTY ROAD 101 N,55447,763-476-6774,nppes,1679765929,PAUL BOETTNER D.D.S. PLLC,BAY CREEK DENTAL,"1495 COUNTY ROAD 101 N, SUITE 2",55447,763-476-6774,16
nppes:1356854442-pl10|nppes:1356854442-pl13,nppes,1356854442-pl10,SMILE ORTHODONTICS STILLWATER LLC,SMILE ORTHODONTICS|SM:)E ORTHO,1670 BEAM AVE STE 203,55109,651-351-7777,nppes,1356854442-pl13,SMILE ORTHODONTICS STILLWATER LLC,SMILE ORTHODONTICS|SM:)E ORTHO,8980 HUDSON BLVD N,55042,651-351-7777,12071
nppes:1043265481|nppes:1891079851,nppes,1043265481,NORTHSTAR DENTAL CLINIC PA,,"675 E NICOLLET BLVD, SUITE 120",55337,952-892-7700,nppes,1891079851,"BURNSVILLE DENTAL, P.A.",NORTHSTAR DENTAL CLINIC,675 E NICOLLET BLVD STE 120,55337,952-892-7700,0
nppes:1467515460|nppes:1992820153,nppes,1467515460,"NEIL R. COVIN, D.D.S., P.A.",,3401 WOODDALE AVE S,55416,952-920-9209,nppes,1992820153,ORTHODONTIC CARE GROUP,ORTHODONTIC CARE SPECIALISTS,3401 WOODDALE AVE S,55416,952-920-1373,0
nppes:1356854442-pl2|nppes:1831509827,nppes,1356854442-pl2,SMILE ORTHODONTICS STILLWATER LLC,SMILE ORTHODONTICS|SM:)E ORTHO,1670 BEAM AVE STE 202,55109,651-351-7777,nppes,1831509827,METROPOLITAN STATE UNIVERSITY,MERTOPOLITAN STATE UNIVERSITY DENTAL CLINIC,"1670 BEAM AVE, #203",55109,651-621-8840,0
nppes:1689732133|nppes:1881841021,nppes,1689732133,"PDG,P.A.",PARK DENTAL,"4670 PARK NICOLLET AVE SE, SUITE 100",55372,952-447-7606,nppes,1881841021,NORTHLAND DENTAL PARTNERS PLLC,METRO DENTALCARE,4670 PARK NICOLLET AVE SE,55372,952-447-7606,
nppes:1740340561|nppes:1982767125,nppes,1740340561,"STEPHEN W. ROBINSON, DDS, PA",,"3475 PLYMOUTH BLVD, SUITE 300",55447,763-546-6700,nppes,1982767125,JEANNE L BARSS DDS MS PA,JEANNE L BARSS DDS MS,"3475 PLYMOUTH BLVD, ST 200",55447,763-694-6158,0
nppes:1174045975|nppes:1619041969,nppes,1174045975,"THE DENTAL SPECIALISTS OF MINNESOTA, PLLC",TWIN CITIES ENDODONTICS SPECIALIST PA,4640 NICOLS RD STE 202,55122,651-994-1344,nppes,1619041969,"DOUGLAS M BAUER DDS,PA",OAK CLIFF DENTAL CARE,"4640 NICOLS RD, SUITE 100",55122,651-454-1414,0
nppes:1083676944|nppes:1861138133,nppes,1083676944,DANIEL O ODEGAARD DDS PA,,"825 NICOLLET MALL, STE 1001",55402,612-332-2618,nppes,1861138133,DOWNTOWN PERIODONTICS AND IMPLANT DENTISTRY,,"825 NICOLLET MALL, SUITE 725",55402,612-339-5593,0
nppes:1710108022|nppes:1770702714,nppes,1710108022,LAND OF LAKES ENDODONTICS PA,,2850 CURVE CREST BLVD W STE 115,55082,651-439-8764,nppes,1770702714,"GOSSAI & KNUTSON, DDS, PA",SOUTHILL DENTAL GROUP PA,"2850 CURVE CREST BLVD W, SUITE 200",55082,651-439-9400,0
nppes:1134547730|nppes:1700589264,nppes,1134547730,"SOUTHDALE PERIODONTICS, PLLC",,"6545 FRANCE AVE S, SUITE 190",55435,952-922-6949,nppes,1700589264,ADVANCED RECONSTRUCTIVE DENTISTRY PLLC,,6545 FRANCE AVE S STE 680,55435,952-922-5326,0
nppes:1073327995|nppes:1861463465,nppes,1073327995,BBCCS PLLC,CREEKVIEW DENTAL,2145 WOODLANE DR STE 104,55125,651-738-8204,nppes,1861463465,CREEKVIEW DENTAL PA,,"2145 WOODLANE DR, SUITE 104",55125,651-738-8204,0
nppes:1275704520|nppes:1710358379,nppes,1275704520,DENTAL DELLIVERY SYSTEMS BROOKLYN PARK PA,THE SMILE CENTER,7532 BROOKLYN BLVD,55443,763-263-2222,nppes,1710358379,"MODERN DENTAL PROFESSIONALS, MN PC",MIDWEST DENTAL,7532 BROOKLYN BLVD,55443,763-280-5737,0
nppes:1942018825|osm:node/6829122522,nppes,1942018825,ISLES DENTAL PLLC,,2534 HENNEPIN AVE,55405,612-374-4321,osm,node/6829122522,Isles Dental,,2534 Hennepin Avenue South,,+1-612-374-4321,31
nppes:1033223581|osm:node/8829958521,nppes,1033223581,WEST RIVER DENTAL CARE,,4103 E LAKE ST,55406,612-721-2424,osm,node/8829958521,West River Dental Care,,,,+1-612-721-2424,27
nppes:1013517093|nppes:1104193762,nppes,1013517093,"ORTHODONTIC SPECIALISTS OF MINNESOTA, PLLC",THE DENTAL SPECIALIST ORTHODONTICS WOODBURY,10150 CITY WALK DR APT C,55129,651-268-2992,nppes,1104193762,MINNEAPOLIS-ST.PAUL ENDODONTICS,,10150 CITY WALK DR STE C,55129,651-714-7111,0
nppes:1073862819|nppes:1639214547,nppes,1073862819,KENNETH B WEDDELL PLLC,,8900 PENN AVE S STE 211,55431,952-884-7706,nppes,1639214547,DR RICHARD E BRIMACOMB,,"8900 PENN AVE S, #112",55431,952-888-1311,0
nppes:1508080532|nppes:1649318619,nppes,1508080532,"STONE CREEK DENTAL, P.A.",,"7935 STONE CREEK DR, STE. 150",55317,952-937-2839,nppes,1649318619,"RICHARD C AXEL. DDS, PA",,"7935 STONE CREEK DR, #150",55317,952-937-2839,0
nppes:1477170108-pl1|nppes:1477170108-pl4,nppes,1477170108-pl1,JESSE N VEIL DDS MS PA,VEIL & WILD ORTHODONTICS,11800 SINGLETREE LN STE 200,55344,952-903-9484,nppes,1477170108-pl4,JESSE N VEIL DDS MS PA,VEIL & WILD ORTHODONTICS,40 S 7TH ST STE 220,55402,952-903-9484,18062
nppes:1356854442-pl1|nppes:1356854442-pl9,nppes,1356854442-pl1,SMILE ORTHODONTICS STILLWATER LLC,SMILE ORTHODONTICS|SM:)E ORTHO,266 E TRAVELERS TRL STE 105,55337,651-351-7777,nppes,1356854442-pl9,SMILE ORTHODONTICS STILLWATER LLC,SMILE ORTHODONTICS|SM:)E ORTHO,11995 SINGLETREE LN STE 110,55344,651-351-7777,15217
nppes:1356854442|nppes:1689842841,nppes,1356854442,SMILE ORTHODONTICS STILLWATER LLC,SMILE ORTHODONTICS|SM:)E ORTHO,2224 HENNEPIN AVE,55405,651-351-7777,nppes,1689842841,"ST. CROIX VALLEY DENTAL, PLLC",NORTHERN ORTHODONTICS,13961 60TH ST N,55082,651-351-7777,37873
nppes:1477170108-pl1|nppes:1881783405,nppes,1477170108-pl1,JESSE N VEIL DDS MS PA,VEIL & WILD ORTHODONTICS,11800 SINGLETREE LN STE 200,55344,952-903-9484,nppes,1881783405,"METROPOLITAN ENDODONTICS, LTD.",,"11800 SINGLETREE LN, SUITE 300",55344,952-996-0806,0
nppes:1104977222|osm:node/3215276672,nppes,1104977222,MINNEHAHA FALL FAMILY DENTAL,JAKUBAS DENTAL,4554 MINNEHAHA AVE,55406,612-721-3012,osm,node/3215276672,Jakubas Dental Clinic,,4554 Minnehaha Avenue,55406,,61
nppes:1285691220|nppes:1801982111,nppes,1285691220,SOUTHDALE DENTAL ASSOCIATES,,"7373 FRANCE AVE S, STE 600",55435,952-896-1111,nppes,1801982111,CENTENNIAL LAKES DENTAL GROUP,,7373 FRANCE AVE S STE 500,55435,952-831-2800,0
nppes:1477690279|osm:way/460383876,nppes,1477690279,DR. BRUCE E. BRANDSNESS P.A.,,2267 LOUISIANA AVE S,55426,952-546-2564,osm,way/460383876,Brandsness & Krumholz,,2267 Louisiana Avenue South,55426,,41
nppes:1245722297|nppes:1508932344,nppes,1245722297,"ORTHODONTIC SPECIALISTS OF MINNESOTA, P.L.L.C.",THE DENTAL SPECIALISTS- ORTHODONTICS,40 W NICOLLET BLVD,55337,952-241-2496,nppes,1508932344,"DENTAL SPECIALISTS OF MINNESOTA, PLLC",THE DENTAL SPECIALISTS,40 W NICOLLET BLVD,55337,952-929-4458,0
nppes:1780790881|nppes:1952468654,nppes,1780790881,TONKA SMILES,AXEL BERGSTEDT AND JOHNSON PA,"11601 MINNETONKA MILLS RD, STE D40",55305,952-938-8533,nppes,1952468654,BLUE RIDGE DENTAL CENTER PA,,"11601 MINNETONKA MILLS RD, SUITE D",55305,952-938-8858,0
nppes:1104272939|nppes:1649867334,nppes,1104272939,DONALD CLAUSEN DDS MS PA,,"825 NICOLLET MALL, STE 825",55402,612-338-5420,nppes,1649867334,MSP ORTHODONTICS PLLC,,825 NICOLLET MALL STE 531,55402,612-332-4344,0
nppes:1063768687|nppes:1245973817,nppes,1063768687,BLAINE DENTAL LLC DBA PRO DENTAL,,"10210 BALTIMORE ST NE, SUITE 100",55449,763-231-2050,nppes,1245973817,DENTAL MANAGEMENT PARTNERS LLC,PRO DENTAL,10210 BALTIMORE ST NE STE 100,55449,763-231-2050,0
nppes:1356854442-pl9|nppes:1457064800,nppes,1356854442-pl9,SMILE ORTHODONTICS STILLWATER LLC,SMILE ORTHODONTICS|SM:)E ORTHO,11995 SINGLETREE LN STE 110,55344,651-351-7777,nppes,1457064800,"SMILE ORTHODONTICS STILLWATER, LLC",SMILE ORTHODONTICS,2150 3RD AVE STE 110,55303,651-351-7777,38264
nppes:1073862819|nppes:1265589642,nppes,1073862819,KENNETH B WEDDELL PLLC,,8900 PENN AVE S STE 211,55431,952-884-7706,nppes,1265589642,KUIPERS ORTHODONTICS,,"8900 PENN AVE S, SUITE 216",55431,952-884-9161,0
nppes:1033307046|nppes:1619089737,nppes,1033307046,DOORSTEP HEALTHCARE SERVICES,,5861 CEDAR LAKE RD S,55416,763-541-6000,nppes,1619089737,STEPHEN G SINYKIN DDS PA,DOORSTEP DENTAL SERVICE,"715 FLORIDA AVE SO., #206",55426,763-541-6000,1120
nppes:1194997783|nppes:1447860523,nppes,1194997783,DR ALAN RUSSELL PLC,,2010 27TH AVE S,55406,612-336-8478,nppes,1447860523,MODERN DENTAL PROFESSIONALS MINNESOTA PC,MIDWEST DENTAL - SEWARD,2010 27TH AVE S,55406,612-336-8478,0
nppes:1134446370|nppes:1255249470,nppes,1134446370,BRITE DENTAL MINNESOTA P.C.,,334 EAST LAKE ST.,55408,708-439-4655,nppes,1255249470,WHAT IF I AM A SURROGATE OF THE ORGANIZATION,,334 E LAKE ST STE 104,55408,612-910-1131,0
nppes:1699267633|osm:way/1021270932,nppes,1699267633,"ORTHODONTIC SPECIALISTS OF MINNESOTA, P.L.L.C.",THE DENTAL SPECIALISTS- ORTHODONTICS,1150 HAZELTINE BLVD,55318,952-241-5860,osm,way/1021270932,The Dental Specialists Orthodontics,,1150 Hazeltine Boulevard,55318,,283
nppes:1073063103|nppes:1649867334,nppes,1073063103,"MINNESOTA DENTAL PROFESSIONALS, P.C.",DENTAL ARTS OF MINNEAPOLIS,"825 NICOLLET MALL, STE 425",55402,612-332-7675,nppes,1649867334,MSP ORTHODONTICS PLLC,,825 NICOLLET MALL STE 531,55402,612-332-4344,0
nppes:1225285208|nppes:1790014777,nppes,1225285208,DR. HOWARD E. OLSON PA,,15870 FRANKLIN TRL SE,55372,952-447-4463,nppes,1790014777,OLSON DENTAL LLC,,"15870 FRANKLIN TRL SE, SUITE 200",55372,952-447-4463,0
nppes:1093842841|nppes:1659543320,nppes,1093842841,PEIXIN LIU DDS,FAMILY DENTAL CARE,"2407 109TH AVENUE, SUITE 240",55449,763-783-8200,nppes,1659543320,PEIXIN LIU DDS,FAMILY DENTAL CARE,"2407 109TH AVENUE, SUITE 240",55449,763-783-8200,0
nppes:1477170108|nppes:1710086459,nppes,1477170108,JESSE N VEIL DDS MS PA,VEIL & WILD ORTHODONTICS,250 FULLER ST S STE 100,55379,952-903-9484,nppes,1710086459,O'BRIEN DENTAL CARE,,"250 FULLER ST S, SUITE 250",55379,952-445-6657,0
nppes:1124192208|nppes:1134507718,nppes,1124192208,"CITY OF LAKES DENTAL, P.A.",,5524 NICOLLET AVE,55419,612-823-1816,nppes,1134507718,DJCM PLLC,,5524 NICOLLET AVE,55419,612-823-1816,0
nppes:1760837041|osm:node/12272163248,nppes,1760837041,FAMILY AND COSMETIC GENTLE DENTISTRY,FAMILY AND COSMETIC GENTLE DENTISTRY,5107 GUS YOUNG LN,55436,952-929-0641,osm,node/12272163248,Gentle Dentistry,,5107 Gus Young Lane,55436,,54
nppes:1669199741|nppes:1861138133,nppes,1669199741,METROPOLITAN PERIODONTISTS,,"825 NICOLLET MALL, STE. 210",55402,612-332-0869,nppes,1861138133,DOWNTOWN PERIODONTICS AND IMPLANT DENTISTRY,,"825 NICOLLET MALL, SUITE 725",55402,612-339-5593,0
nppes:1437580818|osm:way/527997535,nppes,1437580818,BRITE SMILES DENTAL CARE,,8977 HUNTERS WAY,55124,952-891-8484,osm,way/527997535,Brite Smile Dental Care,,8977 Hunters Way,55124,,319
nppes:1265589642|nppes:1740455773,nppes,1265589642,KUIPERS ORTHODONTICS,,"8900 PENN AVE S, SUITE 216",55431,952-884-9161,nppes,1740455773,BISMILLAH DENTAL CARE PLLC,,"8900 PENN AVE S, SUITE 202",55431,952-888-1861,0
nppes:1467640029|nppes:1619089737,nppes,1467640029,DOORSTEP DENTAL SERVICES,,5861 CEDAR LAKE RD S,55416,763-541-6000,nppes,1619089737,STEPHEN G SINYKIN DDS PA,DOORSTEP DENTAL SERVICE,"715 FLORIDA AVE SO., #206",55426,763-541-6000,1120
nppes:1700975216|nppes:1992915649,nppes,1700975216,"GROUP HEALTH PLAN, INC.",THREE RIVERS ORTHODONTICS,1395 CURVE CREST BLVD,55082,651-439-1966,nppes,1992915649,"GROUP HEALTH PLAN, INC",THREE RIVERS DENTAL CARE,1395 CURVE CREST BLVD W,55082,651-430-0036,
nppes:1891443263|osm:node/11988962361,nppes,1891443263,"NORTHLAND DENTAL PARTNERS, PLLC",METRO DENTALCARE WOODBURY,429 COMMERCE DR STE 400,55125,651-731-2342,osm,node/11988962361,Metro Dentalcare Woodbury,,"429 Commerce Drive, 400",55125,,
nppes:1447961750|nppes:1699601310,nppes,1447961750,APPLE TREE DENTAL,,2232 HENNEPIN AVE,55405,612-377-6108,nppes,1699601310,"ONYX DENTAL, PLLC",,2232 HENNEPIN AVE,55405,612-749-3314,0
nppes:1023681152-pl1|nppes:1114333986,nppes,1023681152-pl1,"ORTHODONTIC PARTNERS OF MINNESOTA, PLLC",DUNN ORTHODONTICS,6936 PINE ARBOR DR S STE 220,55016,651-738-3866,nppes,1114333986,"DRESEN RESTORATIVE DENTISTRY, PA",,"6936 PINE ARBOR DR S, SUITE 210",55016,651-735-1585,0
nppes:1073063103|nppes:1982775235,nppes,1073063103,"MINNESOTA DENTAL PROFESSIONALS, P.C.",DENTAL ARTS OF MINNEAPOLIS,"825 NICOLLET MALL, STE 425",55402,612-332-7675,nppes,1982775235,"METROPOLITAN PERIODONTISTS, P.A.",,"825 NICOLLET MALL, SUITE 210",55402,612-332-0869,0
nppes:1407309784|nppes:1790922854,nppes,1407309784,HENSELER ORTHODONTICS,,"1000 RADIO DR, SUITE 220",55125,651-739-1555,nppes,1790922854,"ART & SCIENCE FAMILY DENTISTRY, PA","KINNEY & MUSSER DDS, PA",1000 RADIO DRIVE SUITE 240,55125,651-739-1894,0
nppes:1447350509|nppes:1861140501,nppes,1447350509,"FAMILY ORTHODONTIC SPECIALISTS, PLC",WOODLAKE ORTHODONTICS RICHFIELD,6601 LYNDALE AVE S STE 240,55423,612-861-9123,nppes,1861140501,FAMILY ENDODONTIC SPECIALISTS PLC,METRO DENTALCARE SPECIALTY CENTER RICHFIELD - ENDODONTICS,6601 LYNDALE AVE S STE 230A,55423,612-638-1206,0
nppes:1134862865|nppes:1669817557,nppes,1134862865,FAMILY ORTHODONTIC SPECIALISTS PLC,WOODLAKE ORTHODONTICS MIDWAY - ST. PAUL,1375 SAINT ANTHONY AVE,55104,651-286-8153,nppes,1669817557,"ORTHODONTIC CARE SPECIALISTS, PLLC",ORTHODONTIC CARE SPECIALISTS,1375 SAINT ANTHONY AVE,55104,651-286-8153,0
nppes:1326044538|nppes:1407008477,nppes,1326044538,SOUTHDALE PERIODONTICS,,"6545 FRANCE AVE S, STE 190",55435,952-922-6949,nppes,1407008477,DYLLA-JENSEN PERIODONTICS PLLC,,6545 FRANCE AVE S,55435,952-922-6949,0
nppes:1003245333|nppes:1659670362,nppes,1003245333,"DENTAL SPECIALISTS OF MINNESOTA, PLLC",THE DENTAL SPECIALISTS,1109 MOORE LAKE DR E,55432,763-571-9990,nppes,1659670362,NORTHERN ORTHODONTICS,,1109 EAST MOORE LAKE DRIVE,55432,651-439-2600,0
nppes:1043715204|nppes:1043715204-pl1,nppes,1043715204,"MINNESOTA DENTAL PROFESSIONALS, P.C.",PILOT KNOB DENTAL CARE,16138 PILOT KNOB RD,55044,952-679-7779,nppes,1043715204-pl1,"MINNESOTA DENTAL PROFESSIONALS, P.C.",PILOT KNOB DENTAL CARE,16138 PILOT KNOB RD,55044,612-354-8875,0
nppes:1477170108-pl3|nppes:1477170108-pl4,nppes,1477170108-pl3,JESSE N VEIL DDS MS PA,VEIL & WILD ORTHODONTICS,7533 EGAN DR,55378,952-903-9484,nppes,1477170108-pl4,JESSE N VEIL DDS MS PA,VEIL & WILD ORTHODONTICS,40 S 7TH ST STE 220,55402,952-903-9484,26963
nppes:1700940343|nppes:1841323110,nppes,1700940343,LAKE MINNETONKA ORTHDONTICS,,11601 MINNETONKA MILLS RD,55305,952-938-1443,nppes,1841323110,SWANSON & WALMAN PA,PETER L WALMAN DDS,11601 MINNETONKA MILLS RD,55305,952-933-6060,0
nppes:1356854442|nppes:1821690496,nppes,1356854442,SMILE ORTHODONTICS STILLWATER LLC,SMILE ORTHODONTICS|SM:)E ORTHO,2224 HENNEPIN AVE,55405,651-351-7777,nppes,1821690496,SMILE ORTHODONTICS STILLWATER LLC,,9424 MAPLE GROVE PKWY N,55311,651-351-7777,
nppes:1356854442-pl10|nppes:1356854442-pl5,nppes,1356854442-pl10,SMILE ORTHODONTICS STILLWATER LLC,SMILE ORTHODONTICS|SM:)E ORTHO,1670 BEAM AVE STE 203,55109,651-351-7777,nppes,1356854442-pl5,SMILE ORTHODONTICS STILLWATER LLC,SMILE ORTHODONTICS|SM:)E ORTHO,2150 3RD AVE STE 200,55303,651-351-7777,33927
nppes:1649424904|nppes:1962645051,nppes,1649424904,MINNESOTA ORTHODONTICS AND DENTOFACIAL ORTHOPEDICS PA,,7149 FRANCE AVE S,55435,651-450-7273,nppes,1962645051,MINNESOTA ORTHODONTICS AND DENTOFACIAL ORTHOPEDICS PA,,1745 N FRONTAGE RD,55033,651-450-7273,37659
nppes:1013933381-pl1|nppes:1013933381-pl3,nppes,1013933381-pl1,SHAKOPEE MDEWAKANTON SIOUX COMMUNITY,SHAKOPEE DAKOTA CLINIC,15000 MYSTIC CENTER DRIVE,55372,952-233-2886,nppes,1013933381-pl3,SHAKOPEE MDEWAKANTON SIOUX COMMUNITY,SHAKOPEE DAKOTA CLINIC,2705 WOZANI OCANKU NW,55372,952-233-2886,
nppes:1326284597|nppes:1720415896,nppes,1326284597,MAHTOMEDI DENTAL CLINIC,,814 MAHTOMEDI AVE,55115,651-426-0011,nppes,1720415896,MAHTOMEDI FAMILY DENTAL,,814 MAHTOMEDI AVE,55115,651-426-0011,0
nppes:1447416607|nppes:1942018825,nppes,1447416607,ISLES DENTAL ASSOCIATES P.A,,2534 HENNEPIN AVE,55405,612-374-4321,nppes,1942018825,ISLES DENTAL PLLC,,2534 HENNEPIN AVE,55405,612-374-4321,0
nppes:1861546111|osm:way/231160037,nppes,1861546111,"FAMILY DENTAL CLINIC, P.A.",,4454 CHICAGO AVE,55407,612-823-6262,osm,way/231160037,Family Dental Clinic PA,,4454 Chicago Avenue,,+1 612 823 6262,65
nppes:1578505152-pl2|nppes:1578505152-pl6,nppes,1578505152-pl2,MINNESOTA ORTHODONTICS,NORTHFIELD ORTHODONTICS,14643 MERCANTILE DR N STE 113,55038,651-450-7273,nppes,1578505152-pl6,MINNESOTA ORTHODONTICS,NORTHFIELD ORTHODONTICS,16106 PILOT KNOB RD STE 120,55044,651-450-7273,
nppes:1376716043|nppes:1700058690,nppes,1376716043,"MAPLE PLAIN DENTAL, PLLC",ORONO DENTAL CARE,2765 KELLEY PKWY STE 140,55356,952-449-9494,nppes,1700058690,ORONO DENTAL CARE PC,"CRYSTAL LAKE FAMILY DENTAL CARE, PLLC","2765 KELLEY PARKWAY, SUITE 140",55356,952-449-9494,0
nppes:1578505152-pl2|nppes:1578505152-pl5,nppes,1578505152-pl2,MINNESOTA ORTHODONTICS,NORTHFIELD ORTHODONTICS,14643 MERCANTILE DR N STE 113,55038,651-450-7273,nppes,1578505152-pl5,MINNESOTA ORTHODONTICS,NORTHFIELD ORTHODONTICS,750 MAIN ST STE 217,55118,651-450-7273,
nppes:1407325830-pl2|nppes:1407325830-pl7,nppes,1407325830-pl2,FACIAL PAIN CENTER PLLC,,4155 DEAN LAKES BLVD,55379,952-926-3858,nppes,1407325830-pl7,FACIAL PAIN CENTER PLLC,,40 W NICOLLET BLVD,55337,952-926-3858,15104
nppes:1629521893|osm:way/526980397,nppes,1629521893,RIDGES FAMILY DENTAL PLLC,,50 MCANDREWS RD E,55337,952-892-5050,osm,way/526980397,Crestridge Dental,,50 McAndrews Road East,55337,+1-952-892-5050,77
nppes:1720415896|nppes:1841462652,nppes,1720415896,MAHTOMEDI FAMILY DENTAL,,814 MAHTOMEDI AVE,55115,651-426-0011,nppes,1841462652,MAHTOMEDI DENTAL CLINIC,NORTH ST. PAUL DENTAL,"814 MAHTOMEDI AVE, MAHTOMEDI DENTAL",55115,651-426-0011,0
nppes:1225178361|nppes:1780902080,nppes,1225178361,"ROBBINSDALE FAMILY DENTISTRY, P.A.",MINNESOTA DENTAL GROUP,"4125 LAKELAND AVE N, 100",55422,763-537-5123,nppes,1780902080,ROBBINSDALE DENTAL PLLC,MINNESOTA DENTAL GROUP,"4125 LAKELAND AVE N, SUITE 100",55422,763-537-5123,0
nppes:1578505152-pl1|nppes:1578505152-pl7,nppes,1578505152-pl1,MINNESOTA ORTHODONTICS,NORTHFIELD ORTHODONTICS,1004 DIFFLEY RD STE 400,55123,651-450-7273,nppes,1578505152-pl7,MINNESOTA ORTHODONTICS,NORTHFIELD ORTHODONTICS,7864 CENTURY BLVD,55317,651-450-7273,36188
nppes:1093442048|nppes:1891295861,nppes,1093442048,WANG PERIODONTICS PLLC,MAPLE GROVE PERIODONTICS AND IMPLANT DENTISTRY,12000 ELM CREEK BLVD N STE 320,55369,763-420-0200,nppes,1891295861,MAPLE GROVE PERIODONTICS AND IMPLANT DENTISTRY,,12000 ELM CREEK BLVD N,55369,763-420-0200,0
nppes:1073970273|osm:way/157489499,nppes,1073970273,SAINT ANTHONY PARK DENTAL CARE PLLC,,2278 COMO AVE,55108,651-644-3685,osm,way/157489499,Saint Anthony Park Dental Care,,2278 Como Avenue,55108,+1-651-644-9216,20
nppes:1356854442-pl1|nppes:1356854442-pl13,nppes,1356854442-pl1,SMILE ORTHODONTICS STILLWATER LLC,SMILE ORTHODONTICS|SM:)E ORTHO,266 E TRAVELERS TRL STE 105,55337,651-351-7777,nppes,1356854442-pl13,SMILE ORTHODONTICS STILLWATER LLC,SMILE ORTHODONTICS|SM:)E ORTHO,8980 HUDSON BLVD N,55042,651-351-7777,33661
nppes:1063288017|nppes:1255442620,nppes,1063288017,"LAKEVILLE FAMILY DENTAL CENTER, P.L.L.C.",,16372 KENRICK AVE STE 200,55044,952-435-5905,nppes,1255442620,LAKEVILLE FAMILY DENTAL CENTRE PA,,16375 KENRICK AVE STE 200,55044,952-435-5905,131
nppes:1689842841|nppes:1740259464,nppes,1689842841,"ST. CROIX VALLEY DENTAL, PLLC",NORTHERN ORTHODONTICS,13961 60TH ST N,55082,651-351-7777,nppes,1740259464,"ST. CROIX VALLEY DENTAL, PLLC",ST CROIX VALLEY DENTAL,13961 60TH ST. NORTH,55082,651-439-2600,0
osm:node/14204036046|osm:way/697893580,osm,node/14204036046,Chalet Dental,,1651 Dale Street N,,+1-651-413-9150,osm,way/697893580,Chalet Dental,,1651 Dale Street North,55117,+1-651-413-9150,11
nppes:1750436333|nppes:1952042053,nppes,1750436333,"GROUP HEALTH, INC.",HEALTHPARTNERS MIDWAY DENTAL CLINIC,"450 SYNDICATE ST N, #300",55104,651-254-7373,nppes,1952042053,"GROUP HEALTH, INC.",HEALTHPARTNERS ST. PAUL RESIDENCY DENTAL,205 WABASHA ST S,55107,651-254-7373,5574
nppes:1295858991|nppes:1619688751,nppes,1295858991,"DENTAL DELIVERY SYSTEMS ST PAUL, PA",DENTAL ASSOCIATES OF ST. PAUL,1790 7TH STREET E.,55119,651-735-0595,nppes,1619688751,DENTAL DELIVERY SYSTEMS OF ST. PAUL LLC,,1790 7TH ST E,55119,651-735-0595,0
nppes:1194693259|nppes:1417825563,nppes,1194693259,MARC MONTGOMERY DDS PA,MONTGOMERY DENTAL CARE,8380 CITY CENTRE DR STE 130,55125,651-738-1880,nppes,1417825563,MARC MONTGOMERY DDS PA,,8380 CITY CENTRE DR STE 120,55125,651-714-1642,0
nppes:1356854442|nppes:1356854442-pl13,nppes,1356854442,SMILE ORTHODONTICS STILLWATER LLC,SMILE ORTHODONTICS|SM:)E ORTHO,2224 HENNEPIN AVE,55405,651-351-7777,nppes,1356854442-pl13,SMILE ORTHODONTICS STILLWATER LLC,SMILE ORTHODONTICS|SM:)E ORTHO,8980 HUDSON BLVD N,55042,651-351-7777,29084
nppes:1356854442-pl1|nppes:1356854442-pl10,nppes,1356854442-pl1,SMILE ORTHODONTICS STILLWATER LLC,SMILE ORTHODONTICS|SM:)E ORTHO,266 E TRAVELERS TRL STE 105,55337,651-351-7777,nppes,1356854442-pl10,SMILE ORTHODONTICS STILLWATER LLC,SMILE ORTHODONTICS|SM:)E ORTHO,1670 BEAM AVE STE 203,55109,651-351-7777,34015
nppes:1053685586|nppes:1689722639,nppes,1053685586,"ORTHODONTIC SPECIALISTS OF MINNESOTA, PLLC",,"2200 COUNTY ROAD C W, SUITE 2210",55113,651-633-0500,nppes,1689722639,"DENTAL SPECIALISTS OF MINNESOTA, PLLC",,"2200 COUNTY ROAD C W, SUITE 2210",55113,651-633-0500,0
nppes:1356854442-pl2|nppes:1356854442-pl5,nppes,1356854442-pl2,SMILE ORTHODONTICS STILLWATER LLC,SMILE ORTHODONTICS|SM:)E ORTHO,1670 BEAM AVE STE 202,55109,651-351-7777,nppes,1356854442-pl5,SMILE ORTHODONTICS STILLWATER LLC,SMILE ORTHODONTICS|SM:)E ORTHO,2150 3RD AVE STE 200,55303,651-351-7777,33927
nppes:1407325830|nppes:1407325830-pl3,nppes,1407325830,FACIAL PAIN CENTER PLLC,,1835 COUNTY ROAD C W STE 200,55113,651-636-2016,nppes,1407325830-pl3,FACIAL PAIN CENTER PLLC,,4190 108TH AVE NE STE 130,55449,651-636-2016,16089
nppes:1710161500|osm:way/608991745,nppes,1710161500,NORTHPARK DENTAL,,9120 BALTIMORE ST NE,55449,763-786-1560,osm,way/608991745,Northpark Dental,,9120 Baltimore Street Northeast,55449,,62
nppes:1336492834|nppes:1447659495,nppes,1336492834,"BOGER-TRI DENTAL, P.L.L.C.",MINNETONKA DENTAL CARE,17909 DELTON AVE,55345,952-474-7057,nppes,1447659495,MINNETONKA DENTAL PARTNERS LLC,,17909 DELTON AVE,55345,952-474-7057,0
nppes:1356854442-pl2|nppes:1356854442-pl7,nppes,1356854442-pl2,SMILE ORTHODONTICS STILLWATER LLC,SMILE ORTHODONTICS|SM:)E ORTHO,1670 BEAM AVE STE 202,55109,651-351-7777,nppes,1356854442-pl7,SMILE ORTHODONTICS STILLWATER LLC,SMILE ORTHODONTICS|SM:)E ORTHO,3197 NORTHDALE BLVD NW,55433,651-351-7777,30417
nppes:1073787669|nppes:1831857788,nppes,1073787669,SEDATION & IMPLANT DENTISTRY,,1815 SUBURBAN AVE,55119,651-735-4661,nppes,1831857788,SEDATION AND IMPLANT DENSTISTRY - DR ANDERSON AND DR YANG PLLC,,1815 SUBURBAN AVE STE 200,55119,651-735-4661,0
nppes:1356854442-pl10|nppes:1518572916,nppes,1356854442-pl10,SMILE ORTHODONTICS STILLWATER LLC,SMILE ORTHODONTICS|SM:)E ORTHO,1670 BEAM AVE STE 203,55109,651-351-7777,nppes,1518572916,SMILE ORTHODONTICS STILLWATER LLC,SMILE ORTHODONTICS,2008 FORD PKWY,55116,651-351-7777,17303
nppes:1679944698|osm:node/4869073856,nppes,1679944698,TWINCARE DENTAL LLC,,2228 E LAKE ST,55407,612-886-3270,osm,node/4869073856,TwinCare Dental,,4601 Bloomington Avenue,55407,+1-612-886-3270,3355
nppes:1093445082|osm:node/7202107156,nppes,1093445082,THE DENTAL CLINIC,,1932 UNIVERSITY AVE W,55104,612-444-1949,osm,node/7202107156,The Dental Clinic,,1932 University Avenue,55104,+1-612-444-1949,22
nppes:1407325830-pl5|nppes:1407325830-pl6,nppes,1407325830-pl5,FACIAL PAIN CENTER PLLC,,"5000 W 38TH STREET, STE. 250",55416,952-926-3858,nppes,1407325830-pl6,FACIAL PAIN CENTER PLLC,,4200 W OLD SHAKOPEE RD STE 100,55437,952-926-3858,
nppes:1114324951|osm:way/1474171336,nppes,1114324951,DENTAL ASSOCIATES OF ST. PAUL PA,,1790 7TH ST E,55119,651-735-0595,osm,way/1474171336,Dental Associates of St Paul,,1790 7th Street East,55106,+1 651 735 0595,22
nppes:1396089298|osm:node/12335479796,nppes,1396089298,PAN ORTHODONTIC CLINICS,,"5101 VERNON AVE S, SUITE 502",55436,952-926-3747,osm,node/12335479796,Pan Orthodontics,,,,+1 952 926 3747,49
nppes:1285350736|nppes:1285350736-pl1,nppes,1285350736,SHAMBLOTT FAMILY DENTAL CENTER PLLC,DENTAL CARE ALLIANCE,400 SELBY AVE,55102,651-222-6880,nppes,1285350736-pl1,SHAMBLOTT FAMILY DENTAL CENTER PLLC,DENTAL CARE ALLIANCE,33 10TH AVE S STE 250,55343,651-222-6880,23535
nppes:1528423274|nppes:1801585922,nppes,1528423274,ADELMANN DENTISTRY LLC,,"14247 OCONNELL CT, 100",55378,952-226-3560,nppes,1801585922,SAVAGE DENTAL PLLC,ADELMANN DENTISTRY,14247 OCONNELL CT,55378,952-226-3560,0
nppes:1578505152-pl4|nppes:1578505152-pl5,nppes,1578505152-pl4,MINNESOTA ORTHODONTICS,NORTHFIELD ORTHODONTICS,14643 MERCANTILE DR N STE 113,55038,651-450-7273,nppes,1578505152-pl5,MINNESOTA ORTHODONTICS,NORTHFIELD ORTHODONTICS,750 MAIN ST STE 217,55118,651-450-7273,
nppes:1013517093|nppes:1295227247,nppes,1013517093,"ORTHODONTIC SPECIALISTS OF MINNESOTA, PLLC",THE DENTAL SPECIALIST ORTHODONTICS WOODBURY,10150 CITY WALK DR APT C,55129,651-268-2992,nppes,1295227247,"ORTHODONTIC SPECIALISTS OF MINNESOTA, P.L.L.C.",THE DENTAL SPECIALISTS- ORTHODONTICS,8650 HUDSON BLVD N STE 105,55042,651-268-2992,1894
nppes:1447416607|osm:node/6829122522,nppes,1447416607,ISLES DENTAL ASSOCIATES P.A,,2534 HENNEPIN AVE,55405,612-374-4321,osm,node/6829122522,Isles Dental,,2534 Hennepin Avenue South,,+1-612-374-4321,31
nppes:1356854442|nppes:1457064800,nppes,1356854442,SMILE ORTHODONTICS STILLWATER LLC,SMILE ORTHODONTICS|SM:)E ORTHO,2224 HENNEPIN AVE,55405,651-351-7777,nppes,1457064800,"SMILE ORTHODONTICS STILLWATER, LLC",SMILE ORTHODONTICS,2150 3RD AVE STE 110,55303,651-351-7777,27623
nppes:1578505152-pl3|nppes:1578505152-pl7,nppes,1578505152-pl3,MINNESOTA ORTHODONTICS,NORTHFIELD ORTHODONTICS,1004 DIFFLEY RD STE 400,55123,651-450-7273,nppes,1578505152-pl7,MINNESOTA ORTHODONTICS,NORTHFIELD ORTHODONTICS,7864 CENTURY BLVD,55317,651-450-7273,36188
nppes:1417447210|nppes:1417447210-pl1,nppes,1417447210,HIBERNATION SLEEP MN LLC,,2233 ENERGY PARK DR STE 400,55108,651-888-4680,nppes,1417447210-pl1,HIBERNATION SLEEP MN LLC,,2278 COMO AVE,55108,651-888-4680,821
nppes:1255136560|nppes:1346353968,nppes,1255136560,"JOSEPH HORST, DDS, PLLC",,5972 CAHILL AVE STE 109,55076,651-450-1602,nppes,1346353968,STEVEN J BENKE DDS,BENKE DENTAL CARE,"5972 CAHILL AVENUE, SUITE 109",55076,651-450-1602,0
nppes:1215590575|nppes:1922185016,nppes,1215590575,LAKE MINNETONKA DENTAL CENTER PLLC,,109 BUSHAWAY RD STE 300,55391,952-475-0225,nppes,1922185016,LAKE MINNETONKA DENTAL,BRYAN N LASKIN DDS PA,"109 BUSHAWAY RD, SUITE 300",55391,952-475-0225,0
nppes:1578505152-pl2|nppes:1578505152-pl3,nppes,1578505152-pl2,MINNESOTA ORTHODONTICS,NORTHFIELD ORTHODONTICS,14643 MERCANTILE DR N STE 113,55038,651-450-7273,nppes,1578505152-pl3,MINNESOTA ORTHODONTICS,NORTHFIELD ORTHODONTICS,1004 DIFFLEY RD STE 400,55123,651-450-7273,
nppes:1154971380|nppes:1821145723,nppes,1154971380,GENTLE DENTISTRY OF BLOOMINGTON PLLC,,10611 FRANCE AVE S STE 201,55431,952-881-8404,nppes,1821145723,"POINT FAMILY DENTISTRY, LLC",,"10611 FRANCE AVE S, SUITE 201",55431,952-881-8404,0
nppes:1649424904|nppes:1699918789,nppes,1649424904,MINNESOTA ORTHODONTICS AND DENTOFACIAL ORTHOPEDICS PA,,7149 FRANCE AVE S,55435,651-450-7273,nppes,1699918789,MINNESOTA ORTHODONTICS AND DENTOFACIAL ORTHOPEDICS PA,,7810 CAHILL AVE,55076,651-450-7273,22971
nppes:1457410482|nppes:1578254710,nppes,1457410482,BRAVELAND FAMILY DENTAL PA,,"2500 COUNTY ROAD 42 W, SUITE 8",55337,952-895-0300,nppes,1578254710,"MINNESOTA DENTAL PROFESSIONALS, P.C.",BRAVELAND FAMILY DENTAL,2500 COUNTY ROAD 42 W STE 8,55337,952-895-0300,0
nppes:1669199741|nppes:1982775235,nppes,1669199741,METROPOLITAN PERIODONTISTS,,"825 NICOLLET MALL, STE. 210",55402,612-332-0869,nppes,1982775235,"METROPOLITAN PERIODONTISTS, P.A.",,"825 NICOLLET MALL, SUITE 210",55402,612-332-0869,0
nppes:1134547730|nppes:1326044538,nppes,1134547730,"SOUTHDALE PERIODONTICS, PLLC",,"6545 FRANCE AVE S, SUITE 190",55435,952-922-6949,nppes,1326044538,SOUTHDALE PERIODONTICS,,"6545 FRANCE AVE S, STE 190",55435,952-922-6949,0
nppes:1356854442-pl4|nppes:1356854442-pl5,nppes,1356854442-pl4,SMILE ORTHODONTICS STILLWATER LLC,SMILE ORTHODONTICS|SM:)E ORTHO,3007 LYNDALE AVE S,55408,651-351-7777,nppes,1356854442-pl5,SMILE ORTHODONTICS STILLWATER LLC,SMILE ORTHODONTICS|SM:)E ORTHO,2150 3RD AVE STE 200,55303,651-351-7777,29025
nppes:1821145723|nppes:1942668702,nppes,1821145723,"POINT FAMILY DENTISTRY, LLC",,"10611 FRANCE AVE S, SUITE 201",55431,952-881-8404,nppes,1942668702,POINT FAMILY DENTISTRY,,10611 FRANCE AVE S STE 201,55431,952-881-8404,0
nppes:1477170108|nppes:1477170108-pl4,nppes,1477170108,JESSE N VEIL DDS MS PA,VEIL & WILD ORTHODONTICS,250 FULLER ST S STE 100,55379,952-903-9484,nppes,1477170108-pl4,JESSE N VEIL DDS MS PA,VEIL & WILD ORTHODONTICS,40 S 7TH ST STE 220,55402,952-903-9484,28380
nppes:1154568293|nppes:1811058746,nppes,1154568293,DULAC DENTAL LTD,,6550 YORK AVE S STE 202,55435,952-925-2176,nppes,1811058746,JEROME DULAC DDS,,"6550 YORK AVE S, #202",55435,952-925-2176,0
nppes:1073862637|nppes:1366681082,nppes,1073862637,KINGFIELD FAMILY DENTAL & ASSOCIATES PLLC,,17 E 38TH ST,55409,612-353-5443,nppes,1366681082,"WAYNEWOOD & ASSOCIATES, P.A.",KINGFIELD FAMILY DENTAL,17 E 38TH ST,55409,612-353-5443,0
nppes:1356854442-pl5|nppes:1356854442-pl7,nppes,1356854442-pl5,SMILE ORTHODONTICS STILLWATER LLC,SMILE ORTHODONTICS|SM:)E ORTHO,2150 3RD AVE STE 200,55303,651-351-7777,nppes,1356854442-pl7,SMILE ORTHODONTICS STILLWATER LLC,SMILE ORTHODONTICS|SM:)E ORTHO,3197 NORTHDALE BLVD NW,55433,651-351-7777,3585
nppes:1407325830|nppes:1407325830-pl4,nppes,1407325830,FACIAL PAIN CENTER PLLC,,1835 COUNTY ROAD C W STE 200,55113,651-636-2016,nppes,1407325830-pl4,FACIAL PAIN CENTER PLLC,,241 RADIO DR STE B,55125,651-636-2016,21026
nppes:1144353780|osm:way/528914212,nppes,1144353780,EAGAN FAMILY DENTISTRY,,4178 KNOB DR STE C,55122,651-452-4317,osm,way/528914212,Eagan Family Dentistry,,4178 Knob Drive,55122,,80
nppes:1073789913|osm:way/974484284,nppes,1073789913,EXCEL DENTISTRY,,"8001 HIGHWAY 7, SUITE 100",55426,952-746-3233,osm,way/974484284,Excel Dentistry,,8001 State Highway 7 Service Road,55426,,73
nppes:1356854442-pl9|nppes:1518572916,nppes,1356854442-pl9,SMILE ORTHODONTICS STILLWATER LLC,SMILE ORTHODONTICS|SM:)E ORTHO,11995 SINGLETREE LN STE 110,55344,651-351-7777,nppes,1518572916,SMILE ORTHODONTICS STILLWATER LLC,SMILE ORTHODONTICS,2008 FORD PKWY,55116,651-351-7777,20390
nppes:1356854442-pl10|nppes:1821690496,nppes,1356854442-pl10,SMILE ORTHODONTICS STILLWATER LLC,SMILE ORTHODONTICS|SM:)E ORTHO,1670 BEAM AVE STE 203,55109,651-351-7777,nppes,1821690496,SMILE ORTHODONTICS STILLWATER LLC,,9424 MAPLE GROVE PKWY N,55311,651-351-7777,
nppes:1013199561|nppes:1477112456,nppes,1013199561,"FAMILY & COSMETIC GENTLE DENTISTRY, LTD",,1680 SUBURBAN AVE,55106,651-209-3139,nppes,1477112456,"FAMILY & COSMETIC GENTLE DENTISTRY, LTD","""GENTLE DENTISTRY""",2147 NORTHDALE BLVD NW,55433,651-209-3139,34645
nppes:1356854442-pl13|nppes:1356854442-pl2,nppes,1356854442-pl13,SMILE ORTHODONTICS STILLWATER LLC,SMILE ORTHODONTICS|SM:)E ORTHO,8980 HUDSON BLVD N,55042,651-351-7777,nppes,1356854442-pl2,SMILE ORTHODONTICS STILLWATER LLC,SMILE ORTHODONTICS|SM:)E ORTHO,1670 BEAM AVE STE 202,55109,651-351-7777,12071
nppes:1114207362|osm:node/11852879266,nppes,1114207362,"TRANQUILITY DENTAL, P.A.",TRANQUILITY DENTAL,"7415 WAYZATA BLVD, STE 201",55426,952-334-3304,osm,node/11852879266,Tranquility Dental,,"7415 Wayzata Boulevard, 201",55426,,14
nppes:1477170108|nppes:1477170108-pl1,nppes,1477170108,JESSE N VEIL DDS MS PA,VEIL & WILD ORTHODONTICS,250 FULLER ST S STE 100,55379,952-903-9484,nppes,1477170108-pl1,JESSE N VEIL DDS MS PA,VEIL & WILD ORTHODONTICS,11800 SINGLETREE LN STE 200,55344,952-903-9484,10382
nppes:1356854442-pl10|nppes:1356854442-pl7,nppes,1356854442-pl10,SMILE ORTHODONTICS STILLWATER LLC,SMILE ORTHODONTICS|SM:)E ORTHO,1670 BEAM AVE STE 203,55109,651-351-7777,nppes,1356854442-pl7,SMILE ORTHODONTICS STILLWATER LLC,SMILE ORTHODONTICS|SM:)E ORTHO,3197 NORTHDALE BLVD NW,55433,651-351-7777,30417
nppes:1780764993|osm:node/12099767280,nppes,1780764993,HATCHER AND BOMSTAD DDS LLC,,911 FIRST ST NORTH,55343,952-938-7746,osm,node/12099767280,Bomstad Dental,,911 1st Street North,55343,+1 952-938-7746,72
nppes:1073668877|nppes:1316538101-pl3,nppes,1073668877,"GROUP HEALTH, INC.",HEALTHPARTNERS APPLE VALLEY DENTAL CLINIC,15350 ENGLISH AVE,55124,952-431-8583,nppes,1316538101-pl3,"GROUP HEALTH, INC.",HEALTHPARTNERS PEDIATRIC DENTAL,15290 PENNOCK LN,55124,952-431-8583,3588
nppes:1487303889|nppes:1497404818,nppes,1487303889,"FAMILY PERIODONTIC SPECIALISTS, PLC",METRO DENTALCARE SPECIALTY CENTER MAPLE GROVE - PERIODONTICS,15785 95TH AVE N,55369,763-233-4141,nppes,1497404818,"FAMILY ORAL SURGERY SPECIALISTS, PLC",METRO DENTALCARE SPECIALTY CENTER MAPLE GROVE - ORAL SURGERY,15785 95TH AVE N,55369,763-233-4141,0
nppes:1477170108|nppes:1477170108-pl2,nppes,1477170108,JESSE N VEIL DDS MS PA,VEIL & WILD ORTHODONTICS,250 FULLER ST S STE 100,55379,952-903-9484,nppes,1477170108-pl2,JESSE N VEIL DDS MS PA,VEIL & WILD ORTHODONTICS,600 W 98TH ST STE 300,55420,952-903-9484,
nppes:1477170108-pl1|nppes:1477170108-pl3,nppes,1477170108-pl1,JESSE N VEIL DDS MS PA,VEIL & WILD ORTHODONTICS,11800 SINGLETREE LN STE 200,55344,952-903-9484,nppes,1477170108-pl3,JESSE N VEIL DDS MS PA,VEIL & WILD ORTHODONTICS,7533 EGAN DR,55378,952-903-9484,12915
nppes:1063512234|nppes:1598865651,nppes,1063512234,"FAMILY PERIODONTIC SPECIALISTS, PLC",METRO DENTALCARE SPECIALTY CENTER RICHFIELD - PERIODONTICS,6601 LYNDALE AVE S STE 220,55423,612-861-9123,nppes,1598865651,FAMILY ORAL SURGERY SPECIALISTS PLC,METRO DENTALCARE SPECIALTY CENTER RICHFIELD - ORAL SURGERY,6601 LYNDALE AVE S STE 230,55423,612-861-9123,0
nppes:1356854442-pl9|nppes:1821690496,nppes,1356854442-pl9,SMILE ORTHODONTICS STILLWATER LLC,SMILE ORTHODONTICS|SM:)E ORTHO,11995 SINGLETREE LN STE 110,55344,651-351-7777,nppes,1821690496,SMILE ORTHODONTICS STILLWATER LLC,,9424 MAPLE GROVE PKWY N,55311,651-351-7777,
nppes:1356854442|nppes:1356854442-pl2,nppes,1356854442,SMILE ORTHODONTICS STILLWATER LLC,SMILE ORTHODONTICS|SM:)E ORTHO,2224 HENNEPIN AVE,55405,651-351-7777,nppes,1356854442-pl2,SMILE ORTHODONTICS STILLWATER LLC,SMILE ORTHODONTICS|SM:)E ORTHO,1670 BEAM AVE STE 202,55109,651-351-7777,22053
nppes:1245416403|osm:node/1411811129,nppes,1245416403,SNELLING AVENUE DENTAL,,604 SNELLING AVE S,55116,651-699-5600,osm,node/1411811129,Snelling Avenue Dental,,,,+1-651-699-5600,34
nppes:1902920382|osm:way/1170470513,nppes,1902920382,44TH STREET DENTAL,,3925 W 44TH ST,55424,952-922-2159,osm,way/1170470513,44th Street Dental,,3925 West 44th Street,55424,,78
nppes:1356854442|nppes:1356854442-pl5,nppes,1356854442,SMILE ORTHODONTICS STILLWATER LLC,SMILE ORTHODONTICS|SM:)E ORTHO,2224 HENNEPIN AVE,55405,651-351-7777,nppes,1356854442-pl5,SMILE ORTHODONTICS STILLWATER LLC,SMILE ORTHODONTICS|SM:)E ORTHO,2150 3RD AVE STE 200,55303,651-351-7777,27623
nppes:1356854442|nppes:1356854442-pl1,nppes,1356854442,SMILE ORTHODONTICS STILLWATER LLC,SMILE ORTHODONTICS|SM:)E ORTHO,2224 HENNEPIN AVE,55405,651-351-7777,nppes,1356854442-pl1,SMILE ORTHODONTICS STILLWATER LLC,SMILE ORTHODONTICS|SM:)E ORTHO,266 E TRAVELERS TRL STE 105,55337,651-351-7777,20583
nppes:1760802722|nppes:1871837708,nppes,1760802722,"DENTALIGN, P.A",TC ORTHODONTICS,470 W 78TH ST,55317,763-420-1030,nppes,1871837708,"DENTALIGN, P.A",,4630 EDGEBROOK PL,55424,763-420-1030,16015
nppes:1689028037|osm:way/390529015,nppes,1689028037,THE DENTIST'S HOUSE OF EDINA,,3930 SUNNYSIDE RD,55424,952-929-9131,osm,way/390529015,The Dentist's House of Edina,,3930 Sunnyside Road,55424,+1-952-929-9131,19
nppes:1447350509|nppes:1598865651,nppes,1447350509,"FAMILY ORTHODONTIC SPECIALISTS, PLC",WOODLAKE ORTHODONTICS RICHFIELD,6601 LYNDALE AVE S STE 240,55423,612-861-9123,nppes,1598865651,FAMILY ORAL SURGERY SPECIALISTS PLC,METRO DENTALCARE SPECIALTY CENTER RICHFIELD - ORAL SURGERY,6601 LYNDALE AVE S STE 230,55423,612-861-9123,0
nppes:1770540502|nppes:1861914061,nppes,1770540502,"TWIN CITIES ENDODONTIC SPECIALISTS, P.A.",,"2550 UNIVERSITY AVE W, SUITE 155S",55114,651-646-6386,nppes,1861914061,"THE DENTAL SPECIALIST OF MINNESOTA, PLLC",TWIN CITITES ENDODOONTICS SPECIALIST PA,2550 UNIVERSITY AVE W STE 155S,55114,651-646-6386,0
nppes:1659611333|nppes:1952028490,nppes,1659611333,"DAN B ANG, DDS,LLC",,"5851 DULUTH ST, SUITE 313",55422,763-542-8723,nppes,1952028490,"DAN B. ANG DDS, LLC",,"5851 DULUTH STREET, SUITE 313",55422,763-542-8723,0
nppes:1457064800|nppes:1821690496,nppes,1457064800,"SMILE ORTHODONTICS STILLWATER, LLC",SMILE ORTHODONTICS,2150 3RD AVE STE 110,55303,651-351-7777,nppes,1821690496,SMILE ORTHODONTICS STILLWATER LLC,,9424 MAPLE GROVE PKWY N,55311,651-351-7777,
nppes:1407701253|nppes:1417825563,nppes,1407701253,MARC MONTGOMERY DENTAL GPS PLLC,MONTGOMERY WOLKEN DENTAL CARE,8380 CITY CENTRE DR STE 120,55125,651-714-1642,nppes,1417825563,MARC MONTGOMERY DDS PA,,8380 CITY CENTRE DR STE 120,55125,651-714-1642,0
nppes:1558010967|nppes:1669817557,nppes,1558010967,FAMILY ORAL SURGERY SPECIALISTS PLC,METRO DENTALCARE ST. PAUL MIDWAY - ORAL SURGERY,1375 SAINT ANTHONY AVE,55104,651-286-8153,nppes,1669817557,"ORTHODONTIC CARE SPECIALISTS, PLLC",ORTHODONTIC CARE SPECIALISTS,1375 SAINT ANTHONY AVE,55104,651-286-8153,0
nppes:1356854442-pl7|nppes:1457064800,nppes,1356854442-pl7,SMILE ORTHODONTICS STILLWATER LLC,SMILE ORTHODONTICS|SM:)E ORTHO,3197 NORTHDALE BLVD NW,55433,651-351-7777,nppes,1457064800,"SMILE ORTHODONTICS STILLWATER, LLC",SMILE ORTHODONTICS,2150 3RD AVE STE 110,55303,651-351-7777,3585
nppes:1548487689|osm:way/489630183,nppes,1548487689,THE NEW ART OF DENTISTRY,,1222 N FRONTAGE RD,55033,651-437-1166,osm,way/489630183,The New Art Of Dentistry,,1222 Frontage Road,55033,,70
nppes:1225629017-pl3|nppes:1922153881,nppes,1225629017-pl3,"GROUP HEALTH, INC.",HEALTHPARTNERS SPECIALTY DENTAL,8600 NICOLLET AVE S,55420,952-541-2888,nppes,1922153881,"GROUP HEALTH, INC.",HEALTHPARTNERS BLOOMINGTON DENTAL CLIIC,8600 NICOLLET AVE S,55420,952-884-1148,0
nppes:1316062557|nppes:1811630551,nppes,1316062557,ORTHODONTIC CARE GROUP,ORTHODONTIC CARE SPECIALISTS,14455 SOUTH ROBERT TRAIL,55068,651-423-6302,nppes,1811630551,FAMILY ORTHODONTIC SPECIALISTS PLC,WOODLAKE ORTHODONTICS ROSEMOUNT,14455 S ROBERT TRL,55068,651-423-6302,0
nppes:1447422175|nppes:1598449688,nppes,1447422175,"ENTERPRISE DENTAL, INC.",,2418 ENTERPRISE DR UNIT B,55120,651-452-2116,nppes,1598449688,GHASSEMLOUEI AND GUNDERSON DENTAL PRACTICE PLLC,,2418 ENTERPRISE DR UNIT B,55120,651-452-2116,0
nppes:1356854442-pl4|nppes:1356854442-pl9,nppes,1356854442-pl4,SMILE ORTHODONTICS STILLWATER LLC,SMILE ORTHODONTICS|SM:)E ORTHO,3007 LYNDALE AVE S,55408,651-351-7777,nppes,1356854442-pl9,SMILE ORTHODONTICS STILLWATER LLC,SMILE ORTHODONTICS|SM:)E ORTHO,11995 SINGLETREE LN STE 110,55344,651-351-7777,15063
nppes:1407973605|nppes:1669842662-pl2,nppes,1407973605,CHILDRENS DENTAL SERVICES INC,,636 BROADWAY ST. NE,55413,612-746-1530,nppes,1669842662-pl2,CHILDREN'S DENTAL SERVICES,,636 BROADWAY ST NE,55413,612-746-1530,0
nppes:1356854442-pl2|nppes:1457064800,nppes,1356854442-pl2,SMILE ORTHODONTICS STILLWATER LLC,SMILE ORTHODONTICS|SM:)E ORTHO,1670 BEAM AVE STE 202,55109,651-351-7777,nppes,1457064800,"SMILE ORTHODONTICS STILLWATER, LLC",SMILE ORTHODONTICS,2150 3RD AVE STE 110,55303,651-351-7777,33927
nppes:1134547730|nppes:1407008477,nppes,1134547730,"SOUTHDALE PERIODONTICS, PLLC",,"6545 FRANCE AVE S, SUITE 190",55435,952-922-6949,nppes,1407008477,DYLLA-JENSEN PERIODONTICS PLLC,,6545 FRANCE AVE S,55435,952-922-6949,0
nppes:1043642135|osm:node/7147762889,nppes,1043642135,ST PAUL FAMILY DENTISTRY,,1050 LARPENTEUR AVE W,55113,651-488-5522,osm,node/7147762889,St. Paul Family Dentistry,,1050 Larpenteur Avenue West,55113,+1-651-488-5522,57
nppes:1467509851|osm:way/547126362,nppes,1467509851,CHERRYWOOD DENTAL CARE PA,,14127 VERNON AVE S,55378,952-440-9303,osm,way/547126362,Cherrywood Dental,,14127 Vernon Ave S,55378,+19524409303,58
nppes:1891749362|osm:way/350242398,nppes,1891749362,EAGAN DENTAL ASSOCIATES DBA NORTHWOOD DENTAL,,1227 NORTHWOOD PKWY,55121,651-687-0789,osm,way/350242398,Northwood Dental,,1227 Northwood Parkway,55121,+1 651-687-0789,155
nppes:1578505152-pl2|nppes:1578505152-pl7,nppes,1578505152-pl2,MINNESOTA ORTHODONTICS,NORTHFIELD ORTHODONTICS,14643 MERCANTILE DR N STE 113,55038,651-450-7273,nppes,1578505152-pl7,MINNESOTA ORTHODONTICS,NORTHFIELD ORTHODONTICS,7864 CENTURY BLVD,55317,651-450-7273,
nppes:1932361474|nppes:1932361474-pl1,nppes,1932361474,"MINNESOTA LEE DENTAL CLINIC, P.C.",,6240 QUINWOOD LN N STE 102,55369,763-391-7522,nppes,1932361474-pl1,"MINNESOTA LEE DENTAL CLINIC, P.C.",,"7767 ELM CREEK BLVD N, SUITE 160",55369,763-391-7522,
nppes:1174600621|nppes:1437847654,nppes,1174600621,INTERLACHEN DENTAL ASSOCIATES,,"5101 VERNON AVENUE, SUITE 1B",55436,952-920-9579,nppes,1437847654,INTERLACHEN DENTAL ASSOCIATES,,"5101 VERNON AVE S, STE 1B",55436,952-920-9579,0
nppes:1982311916|osm:way/958658188,nppes,1982311916,MILL CITY DENTAL PA,,2218 LAUREL AVE,55405,612-377-3740,osm,way/958658188,Mill City Dental,,2218 Laurel Avenue West,55405,+16123773740,24
nppes:1013933381-pl1|nppes:1013933381-pl2,nppes,1013933381-pl1,SHAKOPEE MDEWAKANTON SIOUX COMMUNITY,SHAKOPEE DAKOTA CLINIC,15000 MYSTIC CENTER DRIVE,55372,952-233-2886,nppes,1013933381-pl2,SHAKOPEE MDEWAKANTON SIOUX COMMUNITY,SHAKOPEE DAKOTA CLINIC,2360 SIOUX TRL NW,55372,952-233-2886,
nppes:1003654104|nppes:1528805553,nppes,1003654104,PROACTIVE HEALTHCARE EDUCATION CENTER,PROACTIVE DENTAL CLINIC CORP,334 E LAKE ST STE 105,55408,310-883-8932,nppes,1528805553,PROACTIVE HEALTHCARE EDUCATION CENTER,PROACTIVE DENTAL CLINIC CORP,334 E LAKE ST STE 105,55408,310-883-8932,0
nppes:1407945199|nppes:1477634343,nppes,1407945199,"METROPOLITAN ENDODONTICS, LTD.",,"625 E NICOLLET BLVD, SUITE 340",55337,952-435-0370,nppes,1477634343,"METROPOLITAN ENDODONTICS, LTD.",,2125 UPPER 55TH ST E,55077,952-435-0370,20509
nppes:1356854442-pl1|nppes:1518572916,nppes,1356854442-pl1,SMILE ORTHODONTICS STILLWATER LLC,SMILE ORTHODONTICS|SM:)E ORTHO,266 E TRAVELERS TRL STE 105,55337,651-351-7777,nppes,1518572916,SMILE ORTHODONTICS STILLWATER LLC,SMILE ORTHODONTICS,2008 FORD PKWY,55116,651-351-7777,17292
nppes:1679673867|nppes:1861140501,nppes,1679673867,FAMILY ENDODONTIC SPECIALISTS PLC,METRO DENTALCARE RICHFIELD,6601 LYNDALE AVE S STE 220A,55423,612-866-1234,nppes,1861140501,FAMILY ENDODONTIC SPECIALISTS PLC,METRO DENTALCARE SPECIALTY CENTER RICHFIELD - ENDODONTICS,6601 LYNDALE AVE S STE 230A,55423,612-638-1206,0
nppes:1275707580|nppes:1881060069,nppes,1275707580,ADVANCED DENTAL GROUP,,3909 SILVER LAKE RD NE,55421,612-789-3573,nppes,1881060069,"MODERN DENTAL PROFESSIONALS, MN PC",MIDWEST DENTAL,3909 SILVER LAKE RD NE,55421,612-789-3573,0
nppes:1356854442-pl1|nppes:1356854442-pl2,nppes,1356854442-pl1,SMILE ORTHODONTICS STILLWATER LLC,SMILE ORTHODONTICS|SM:)E ORTHO,266 E TRAVELERS TRL STE 105,55337,651-351-7777,nppes,1356854442-pl2,SMILE ORTHODONTICS STILLWATER LLC,SMILE ORTHODONTICS|SM:)E ORTHO,1670 BEAM AVE STE 202,55109,651-351-7777,34015
nppes:1477170108-pl1|nppes:1477170108-pl2,nppes,1477170108-pl1,JESSE N VEIL DDS MS PA,VEIL & WILD ORTHODONTICS,11800 SINGLETREE LN STE 200,55344,952-903-9484,nppes,1477170108-pl2,JESSE N VEIL DDS MS PA,VEIL & WILD ORTHODONTICS,600 W 98TH ST STE 300,55420,952-903-9484,
nppes:1417340563|nppes:1790435428,nppes,1417340563,MIRACLE MILE DENTISTRY PA,36TH STREET DENTAL,5806A W 36TH ST,55416,952-929-5292,nppes,1790435428,"NORTHLAND DENTAL PARTNERS, PLLC",METRO DENTALCARE ST. LOUIS PARK WEST 36TH STREET,5806 W 36TH ST STE A,55416,952-929-5292,0
nppes:1336430149|nppes:1720479462,nppes,1336430149,"GROUP HEALTH PLAN, INC",THREE RIVERS ORTHODONTICS,"2150 THIRD AVENUE, SUITE 200",55303,763-421-9292,nppes,1720479462,"GROUP HEALTH PLAN, INC",,"2150 3RD AVE, SUITE 200",55303,763-585-7610,0
nppes:1578505152-pl3|nppes:1578505152-pl4,nppes,1578505152-pl3,MINNESOTA ORTHODONTICS,NORTHFIELD ORTHODONTICS,1004 DIFFLEY RD STE 400,55123,651-450-7273,nppes,1578505152-pl4,MINNESOTA ORTHODONTICS,NORTHFIELD ORTHODONTICS,14643 MERCANTILE DR N STE 113,55038,651-450-7273,
nppes:1407325830-pl2|nppes:1407325830-pl6,nppes,1407325830-pl2,FACIAL PAIN CENTER PLLC,,4155 DEAN LAKES BLVD,55379,952-926-3858,nppes,1407325830-pl6,FACIAL PAIN CENTER PLLC,,4200 W OLD SHAKOPEE RD STE 100,55437,952-926-3858,11064
nppes:1356854442-pl5|nppes:1356854442-pl9,nppes,1356854442-pl5,SMILE ORTHODONTICS STILLWATER LLC,SMILE ORTHODONTICS|SM:)E ORTHO,2150 3RD AVE STE 200,55303,651-351-7777,nppes,1356854442-pl9,SMILE ORTHODONTICS STILLWATER LLC,SMILE ORTHODONTICS|SM:)E ORTHO,11995 SINGLETREE LN STE 110,55344,651-351-7777,38264
nppes:1114324951|nppes:1619688751,nppes,1114324951,DENTAL ASSOCIATES OF ST. PAUL PA,,1790 7TH ST E,55119,651-735-0595,nppes,1619688751,DENTAL DELIVERY SYSTEMS OF ST. PAUL LLC,,1790 7TH ST E,55119,651-735-0595,0
nppes:1083789929|osm:node/12139088878,nppes,1083789929,EDINA 5-O DENTAL PA,DREW F SPENCER DDS,"3948 W 50TH ST, SUITE 205",55424,952-922-8111,osm,node/12139088878,Hälsa Edina Dental,,"3948 West 50th Street, Suite 205",55424,+1-952-922-8111,132
nppes:1164474003|osm:way/1220338509,nppes,1164474003,ROBBINSDALE DENTALCARE PA,,3920 W BROADWAY AVE,55422,763-535-5555,osm,way/1220338509,Robbinsdale Dental Care,,3920 West Broadway Avenue,55422,+1-763-535-5555,30
nppes:1356854442-pl1|nppes:1356854442-pl4,nppes,1356854442-pl1,SMILE ORTHODONTICS STILLWATER LLC,SMILE ORTHODONTICS|SM:)E ORTHO,266 E TRAVELERS TRL STE 105,55337,651-351-7777,nppes,1356854442-pl4,SMILE ORTHODONTICS STILLWATER LLC,SMILE ORTHODONTICS|SM:)E ORTHO,3007 LYNDALE AVE S,55408,651-351-7777,19218
nppes:1356854442-pl10|nppes:1356854442-pl4,nppes,1356854442-pl10,SMILE ORTHODONTICS STILLWATER LLC,SMILE ORTHODONTICS|SM:)E ORTHO,1670 BEAM AVE STE 203,55109,651-351-7777,nppes,1356854442-pl4,SMILE ORTHODONTICS STILLWATER LLC,SMILE ORTHODONTICS|SM:)E ORTHO,3007 LYNDALE AVE S,55408,651-351-7777,22165
nppes:1255870531|osm:node/12020737355,nppes,1255870531,"DENTISTS OF EDEN PRAIRIE, PC",DENTISTS OF EDEN PRAIRIE,"13000 TECHNOLOGY DR, SUITE 110",55344,952-562-1463,osm,node/12020737355,Dentists of Eden Prairie,,"13000 Technology Drive, 110",55344,,276
nppes:1376409276|nppes:1992822290,nppes,1376409276,"SOUTHSIDE COMMUNITY HEALTH SERVICES, INC.",SOUTHSIDE EAST LAKE STREET DENTAL CLINIC,1000 E LAKE ST,55407,612-822-9030,nppes,1992822290,"SOUTHSIDE COMMUNITY HEALTH SERVICES, INC.",SOUTHSIDE DENTAL CLINIC,4243 4TH AVE S,55409,612-822-9030,2606
nppes:1356854442-pl2|nppes:1356854442-pl4,nppes,1356854442-pl2,SMILE ORTHODONTICS STILLWATER LLC,SMILE ORTHODONTICS|SM:)E ORTHO,1670 BEAM AVE STE 202,55109,651-351-7777,nppes,1356854442-pl4,SMILE ORTHODONTICS STILLWATER LLC,SMILE ORTHODONTICS|SM:)E ORTHO,3007 LYNDALE AVE S,55408,651-351-7777,22165
nppes:1457064800|nppes:1518572916,nppes,1457064800,"SMILE ORTHODONTICS STILLWATER, LLC",SMILE ORTHODONTICS,2150 3RD AVE STE 110,55303,651-351-7777,nppes,1518572916,SMILE ORTHODONTICS STILLWATER LLC,SMILE ORTHODONTICS,2008 FORD PKWY,55116,651-351-7777,35122
nppes:1356854442|nppes:1356854442-pl10,nppes,1356854442,SMILE ORTHODONTICS STILLWATER LLC,SMILE ORTHODONTICS|SM:)E ORTHO,2224 HENNEPIN AVE,55405,651-351-7777,nppes,1356854442-pl10,SMILE ORTHODONTICS STILLWATER LLC,SMILE ORTHODONTICS|SM:)E ORTHO,1670 BEAM AVE STE 203,55109,651-351-7777,22053
nppes:1407325830-pl1|nppes:1407325830-pl6,nppes,1407325830-pl1,FACIAL PAIN CENTER PLLC,,13059 RIDGEDALE DR,55305,952-926-3858,nppes,1407325830-pl6,FACIAL PAIN CENTER PLLC,,4200 W OLD SHAKOPEE RD STE 100,55437,952-926-3858,19607
nppes:1053685586|nppes:1851772362,nppes,1053685586,"ORTHODONTIC SPECIALISTS OF MINNESOTA, PLLC",,"2200 COUNTY ROAD C W, SUITE 2210",55113,651-633-0500,nppes,1851772362,"DENTAL SPECIALISTS OF MINNESOTA, PLLC",,"2200 COUNTY ROAD C W, SUITE 2210",55113,651-633-0500,0
nppes:1134862865|nppes:1558010967,nppes,1134862865,FAMILY ORTHODONTIC SPECIALISTS PLC,WOODLAKE ORTHODONTICS MIDWAY - ST. PAUL,1375 SAINT ANTHONY AVE,55104,651-286-8153,nppes,1558010967,FAMILY ORAL SURGERY SPECIALISTS PLC,METRO DENTALCARE ST. PAUL MIDWAY - ORAL SURGERY,1375 SAINT ANTHONY AVE,55104,651-286-8153,0
nppes:1356854442-pl4|nppes:1457064800,nppes,1356854442-pl4,SMILE ORTHODONTICS STILLWATER LLC,SMILE ORTHODONTICS|SM:)E ORTHO,3007 LYNDALE AVE S,55408,651-351-7777,nppes,1457064800,"SMILE ORTHODONTICS STILLWATER, LLC",SMILE ORTHODONTICS,2150 3RD AVE STE 110,55303,651-351-7777,29025
nppes:1407325830-pl1|nppes:1407325830-pl5,nppes,1407325830-pl1,FACIAL PAIN CENTER PLLC,,13059 RIDGEDALE DR,55305,952-926-3858,nppes,1407325830-pl5,FACIAL PAIN CENTER PLLC,,"5000 W 38TH STREET, STE. 250",55416,952-926-3858,
nppes:1366810061|nppes:1417191602,nppes,1366810061,ROSEVILLE DENTISTRY,TAMARA SIMONS & ASSOCIATES,"1912 LEXINGTON AVE N, SUITE 100",55113,651-489-1900,nppes,1417191602,ROSEVILLE DENTISTRY,,"1912 LEXINGTON AVE N, SUITE 200",55113,651-631-3610,0
nppes:1689722639|nppes:1851772362,nppes,1689722639,"DENTAL SPECIALISTS OF MINNESOTA, PLLC",,"2200 COUNTY ROAD C W, SUITE 2210",55113,651-633-0500,nppes,1851772362,"DENTAL SPECIALISTS OF MINNESOTA, PLLC",,"2200 COUNTY ROAD C W, SUITE 2210",55113,651-633-0500,0
nppes:1659554517|osm:node/6236126673,nppes,1659554517,"WAYZATA DENTAL, LTD.",WAYZATA DENTAL,"250 CENTRAL AVE N, SUITE 202",55391,952-473-4900,osm,node/6236126673,Wayzata Dental,,"250 Central Avenue North, 202",55391,+1-952-473-4900,82
nppes:1164959938|nppes:1225629017-pl2,nppes,1164959938,"GROUP HEALTH, INC.",,8455 FLYING CLOUD DR,55344,952-883-9040,nppes,1225629017-pl2,"GROUP HEALTH, INC.",HEALTHPARTNERS SPECIALTY DENTAL,8455 FLYING CLOUD DR,55344,952-883-9040,0
nppes:1174600621|osm:node/12335504029,nppes,1174600621,INTERLACHEN DENTAL ASSOCIATES,,"5101 VERNON AVENUE, SUITE 1B",55436,952-920-9579,osm,node/12335504029,Interlachen Dental Associates,,,,+1 952 920 9579,65
nppes:1407325830-pl3|nppes:1407325830-pl4,nppes,1407325830-pl3,FACIAL PAIN CENTER PLLC,,4190 108TH AVE NE STE 130,55449,651-636-2016,nppes,1407325830-pl4,FACIAL PAIN CENTER PLLC,,241 RADIO DR STE B,55125,651-636-2016,30486
nppes:1356854442-pl13|nppes:1457064800,nppes,1356854442-pl13,SMILE ORTHODONTICS STILLWATER LLC,SMILE ORTHODONTICS|SM:)E ORTHO,8980 HUDSON BLVD N,55042,651-351-7777,nppes,1457064800,"SMILE ORTHODONTICS STILLWATER, LLC",SMILE ORTHODONTICS,2150 3RD AVE STE 110,55303,651-351-7777,45800
nppes:1306933577|osm:way/1220408471,nppes,1306933577,A GENTLE DENTAL CENTER P.A.,,4930 42ND AVE N,55422,763-537-4531,osm,way/1220408471,The Dental Suite,,4930 42nd Avenue North,55422,+1-763-537-4531,45
nppes:1356854442-pl1|nppes:1821690496,nppes,1356854442-pl1,SMILE ORTHODONTICS STILLWATER LLC,SMILE ORTHODONTICS|SM:)E ORTHO,266 E TRAVELERS TRL STE 105,55337,651-351-7777,nppes,1821690496,SMILE ORTHODONTICS STILLWATER LLC,,9424 MAPLE GROVE PKWY N,55311,651-351-7777,
nppes:1669842662-pl1|nppes:1669842662-pl2,nppes,1669842662-pl1,CHILDREN'S DENTAL SERVICES,,636 BROADWAY ST NE,55413,612-746-1530,nppes,1669842662-pl2,CHILDREN'S DENTAL SERVICES,,636 BROADWAY ST NE,55413,612-746-1530,0
nppes:1356854442|nppes:1356854442-pl7,nppes,1356854442,SMILE ORTHODONTICS STILLWATER LLC,SMILE ORTHODONTICS|SM:)E ORTHO,2224 HENNEPIN AVE,55405,651-351-7777,nppes,1356854442-pl7,SMILE ORTHODONTICS STILLWATER LLC,SMILE ORTHODONTICS|SM:)E ORTHO,3197 NORTHDALE BLVD NW,55433,651-351-7777,25545
nppes:1093261190|nppes:1316538101-pl2,nppes,1093261190,"GROUP HEALTH, INC.",,8515 EAGLE POINT BLVD,55042,651-523-9950,nppes,1316538101-pl2,"GROUP HEALTH, INC.",HEALTHPARTNERS PEDIATRIC DENTAL,8515 EAGLE POINT BLVD STE 200,55042,651-523-9950,0
nppes:1447961750|nppes:1548282585,nppes,1447961750,APPLE TREE DENTAL,,2232 HENNEPIN AVE,55405,612-377-6108,nppes,1548282585,"ADT DENTAL, LTD.",,2232 HENNEPIN AVE,55405,612-377-6108,0
nppes:1063512234|nppes:1447350509,nppes,1063512234,"FAMILY PERIODONTIC SPECIALISTS, PLC",METRO DENTALCARE SPECIALTY CENTER RICHFIELD - PERIODONTICS,6601 LYNDALE AVE S STE 220,55423,612-861-9123,nppes,1447350509,"FAMILY ORTHODONTIC SPECIALISTS, PLC",WOODLAKE ORTHODONTICS RICHFIELD,6601 LYNDALE AVE S STE 240,55423,612-861-9123,0
nppes:1225629017|nppes:1780739417,nppes,1225629017,"GROUP HEALTH, INC.",HEALTHPARTNERS SPECIALTY DENTAL,2500 COMO AVE,55108,651-647-2500,nppes,1780739417,"GROUP HEALTH, INC.",HEALTHPARTNERS COMO DENTAL CLINIC,2500 COMO AVE,55108,651-641-0020,
nppes:1699918789|nppes:1962645051,nppes,1699918789,MINNESOTA ORTHODONTICS AND DENTOFACIAL ORTHOPEDICS PA,,7810 CAHILL AVE,55076,651-450-7273,nppes,1962645051,MINNESOTA ORTHODONTICS AND DENTOFACIAL ORTHOPEDICS PA,,1745 N FRONTAGE RD,55033,651-450-7273,16086
nppes:1356854442-pl13|nppes:1518572916,nppes,1356854442-pl13,SMILE ORTHODONTICS STILLWATER LLC,SMILE ORTHODONTICS|SM:)E ORTHO,8980 HUDSON BLVD N,55042,651-351-7777,nppes,1518572916,SMILE ORTHODONTICS STILLWATER LLC,SMILE ORTHODONTICS,2008 FORD PKWY,55116,651-351-7777,20850
nppes:1629521893|nppes:1710749296,nppes,1629521893,RIDGES FAMILY DENTAL PLLC,,50 MCANDREWS RD E,55337,952-892-5050,nppes,1710749296,FAMILY SMILES-BURNSVILLE PLLC,,50 MCANDREWS RD E,55337,952-892-5050,0
nppes:1356854442|nppes:1356854442-pl4,nppes,1356854442,SMILE ORTHODONTICS STILLWATER LLC,SMILE ORTHODONTICS|SM:)E ORTHO,2224 HENNEPIN AVE,55405,651-351-7777,nppes,1356854442-pl4,SMILE ORTHODONTICS STILLWATER LLC,SMILE ORTHODONTICS|SM:)E ORTHO,3007 LYNDALE AVE S,55408,651-351-7777,1403
nppes:1275150989|osm:node/8165857405,nppes,1275150989,HAMLINE FAMILY DENTAL,,1347 LARPENTEUR AVE W,55113,651-699-5600,osm,node/8165857405,Hamline Family Dental,,,,+1-651-699-5600,31
nppes:1699267633|nppes:1861088197,nppes,1699267633,"ORTHODONTIC SPECIALISTS OF MINNESOTA, P.L.L.C.",THE DENTAL SPECIALISTS- ORTHODONTICS,1150 HAZELTINE BLVD,55318,952-241-5860,nppes,1861088197,ORTHODONTICS SPECIALIST OF MINNESOTA P.L.L.C.,THE DENTAL ORTHODONTICS MINNETONKA,14525 HIGHWAY 7 STE 125,55345,952-241-5860,14404
nppes:1437847654|osm:node/12335504029,nppes,1437847654,INTERLACHEN DENTAL ASSOCIATES,,"5101 VERNON AVE S, STE 1B",55436,952-920-9579,osm,node/12335504029,Interlachen Dental Associates,,,,+1 952 920 9579,65
nppes:1356854442-pl1|nppes:1457064800,nppes,1356854442-pl1,SMILE ORTHODONTICS STILLWATER LLC,SMILE ORTHODONTICS|SM:)E ORTHO,266 E TRAVELERS TRL STE 105,55337,651-351-7777,nppes,1457064800,"SMILE ORTHODONTICS STILLWATER, LLC",SMILE ORTHODONTICS,2150 3RD AVE STE 110,55303,651-351-7777,47981
nppes:1457448615|nppes:1952712366,nppes,1457448615,REGENTS OF THE UNIVERSITY OF MINNESOTA,UNIVERSITY OF MINNESOTA SCHOOL OF DENTISTRY,"515 DELAWARE ST SE, 7-530 MOOS TOWER",55455,612-626-6529,nppes,1952712366,REGENTS OF THE UNIVERSITY OF MINNESOTA,U OF MN SCHOOL OF DENTISTRY,"515 DELAWARE ST SE, 7-530 MOOS TOWER",55455,613-262-6423,0
nppes:1386189801|nppes:1528558244,nppes,1386189801,ON-SITE DENTISTRY,,"7600 FRANCE AVE. S., SUITE 1100",55130,763-545-7545,nppes,1528558244,ON-SITE DENTISTRY,,7600 FRANCE AVE S STE 1100,55435,763-545-7545,0
nppes:1356854442-pl2|nppes:1821690496,nppes,1356854442-pl2,SMILE ORTHODONTICS STILLWATER LLC,SMILE ORTHODONTICS|SM:)E ORTHO,1670 BEAM AVE STE 202,55109,651-351-7777,nppes,1821690496,SMILE ORTHODONTICS STILLWATER LLC,,9424 MAPLE GROVE PKWY N,55311,651-351-7777,
nppes:1639398886|nppes:1962460881,nppes,1639398886,"TOWN DENTAL, PA",,425 2ND ST,55331,952-474-6133,nppes,1962460881,"TOWN DENTAL, PA",,425 2ND ST,55331,952-474-6133,0
nppes:1326797713|nppes:1871241505,nppes,1326797713,"FAMILY PERIODONTIC SPECIALISTS, PLC",METRO DENTALCARE SPECIALTY CENTER BURNSVILLE - PERIODONTICS,14344 BURNHAVEN DR,55306,612-638-1238,nppes,1871241505,FAMILY ENDODONTIC SPECIALISTS PLC,METRO DENTALCARE SPECIALTY CENTER BURNSVILLE - ENDODONTICS,14344 BURNHAVEN DR,55306,612-638-1238,0
nppes:1356854442-pl5|nppes:1518572916,nppes,1356854442-pl5,SMILE ORTHODONTICS STILLWATER LLC,SMILE ORTHODONTICS|SM:)E ORTHO,2150 3RD AVE STE 200,55303,651-351-7777,nppes,1518572916,SMILE ORTHODONTICS STILLWATER LLC,SMILE ORTHODONTICS,2008 FORD PKWY,55116,651-351-7777,35122
nppes:1295890895|osm:way/802023323,nppes,1295890895,"CHEROKEE DENTAL, P.A.",,374 ANNAPOLIS ST W,55118,651-457-6231,osm,way/802023323,Cherokee Dentist,,374 Annapolis Street,55118,+1-651-457-6231,49
nppes:1487302113|nppes:1598413239,nppes,1487302113,FAMILY ENDODONTIC SPECIALISTS PLC,METRO DENTALCARE SPECIALTY CENTER MAPLE GROVE ENDODONTICS,15785 95TH AVE N,55369,763-233-4140,nppes,1598413239,FAMILY ENDODONTIC SPECIALISTS PLC,METRO DENTALCARE SPECIALTY CENTER MAPLE GROVE - ENDODONTICS,15785 95TH AVE N,55369,763-233-4140,0
nppes:1972748721|osm:node/12704116116,nppes,1972748721,CENTENNIAL LAKES DENTAL GROUP,,5851 DULUTH ST STE 218,55422,763-544-0121,osm,node/12704116116,Centennial Lakes Dental Group,,"4800 Olson Memorial Highway, 110",55422,+1 763 544 0121,1950
nppes:1356854442-pl5|nppes:1821690496,nppes,1356854442-pl5,SMILE ORTHODONTICS STILLWATER LLC,SMILE ORTHODONTICS|SM:)E ORTHO,2150 3RD AVE STE 200,55303,651-351-7777,nppes,1821690496,SMILE ORTHODONTICS STILLWATER LLC,,9424 MAPLE GROVE PKWY N,55311,651-351-7777,
nppes:1003174764|nppes:1871837708,nppes,1003174764,DENTALIGN P.A.,,7860 MAIN ST,55369,763-420-1030,nppes,1871837708,"DENTALIGN, P.A",,4630 EDGEBROOK PL,55424,763-420-1030,21808
nppes:1407325830-pl5|nppes:1407325830-pl7,nppes,1407325830-pl5,FACIAL PAIN CENTER PLLC,,"5000 W 38TH STREET, STE. 250",55416,952-926-3858,nppes,1407325830-pl7,FACIAL PAIN CENTER PLLC,,40 W NICOLLET BLVD,55337,952-926-3858,
nppes:1093261190|nppes:1225629017-pl1,nppes,1093261190,"GROUP HEALTH, INC.",,8515 EAGLE POINT BLVD,55042,651-523-9950,nppes,1225629017-pl1,"GROUP HEALTH, INC.",HEALTHPARTNERS SPECIALTY DENTAL,8515 EAGLE POINT BLVD STE 200,55042,651-523-9950,0
nppes:1194887521|nppes:1508300252,nppes,1194887521,"ROGER G. ETTEL D.D.S. & ASSOCIATES, PA",,4801 HIGHWAY 61 N # SU-300,55110,651-429-2299,nppes,1508300252,"MINNESOTA PERIODONTAL ASSOCIATES, PA","ROGER G. ETTEL DDS AND ASSOCIATES, PA","4801 HWY 61 N., SUITE 300",55110,651-429-2299,0
nppes:1033307046|nppes:1467640029,nppes,1033307046,DOORSTEP HEALTHCARE SERVICES,,5861 CEDAR LAKE RD S,55416,763-541-6000,nppes,1467640029,DOORSTEP DENTAL SERVICES,,5861 CEDAR LAKE RD S,55416,763-541-6000,0
nppes:1437267598|nppes:1922726280,nppes,1437267598,KIM F LARSON,LARSON DENTAL,1632 WASHINGTON ST NE,55413,612-789-2853,nppes,1922726280,LARSON DENTAL LLC,,1632 WASHINGTON ST NE,55413,612-789-2853,0
nppes:1104249259|nppes:1376687103,nppes,1104249259,CAMPODONICO FAMILY & COSMETIC DENTISTRY PC,ARDEN DENTAL ASSOCIATES,"11806 ABERDEEN ST NE, SUITE 150",55449,763-786-1545,nppes,1376687103,KILLIAN & MILNAR DENTISTRY PLLC,ARDEN DENTAL ASSOCIATES,"11806 ABERDEEN ST NE, SUITE 150",55449,763-786-1545,0
nppes:1578505152-pl6|nppes:1578505152-pl7,nppes,1578505152-pl6,MINNESOTA ORTHODONTICS,NORTHFIELD ORTHODONTICS,16106 PILOT KNOB RD STE 120,55044,651-450-7273,nppes,1578505152-pl7,MINNESOTA ORTHODONTICS,NORTHFIELD ORTHODONTICS,7864 CENTURY BLVD,55317,651-450-7273,36515
nppes:1609098458|osm:way/362842348,nppes,1609098458,"RIVER BLUFF DENTAL, P.A.",,10851 RHODE ISLAND AVE S,55438,952-884-5361,osm,way/362842348,River Bluff Dental - Dr. Walter Palmer,,10851 Rhodde Island Avenue South,55438,+1 952 884 5361,32
nppes:1215590575|nppes:1942214200,nppes,1215590575,LAKE MINNETONKA DENTAL CENTER PLLC,,109 BUSHAWAY RD STE 300,55391,952-475-0225,nppes,1942214200,MCKONE DENTAL CARE DDS PA,,"109 BUSHAWAY RD, SUITE 300",55391,952-475-0225,0
nppes:1316538101|nppes:1801941943,nppes,1316538101,"GROUP HEALTH, INC.",HEALTHPARTNERS PEDIATRIC DENTAL,205 WABASHA ST S,55107,651-293-8300,nppes,1801941943,"GROUP HEALTH, INC.",HEALTHPARTNERS ST. PAUL DENTAL CLINIC,205 WABASHA ST S,55107,651-227-3757,0
nppes:1356854442-pl13|nppes:1356854442-pl4,nppes,1356854442-pl13,SMILE ORTHODONTICS STILLWATER LLC,SMILE ORTHODONTICS|SM:)E ORTHO,8980 HUDSON BLVD N,55042,651-351-7777,nppes,1356854442-pl4,SMILE ORTHODONTICS STILLWATER LLC,SMILE ORTHODONTICS|SM:)E ORTHO,3007 LYNDALE AVE S,55408,651-351-7777,28645
nppes:1790389005-pl1|nppes:1952709420,nppes,1790389005-pl1,ST. CROIX ENDODONTICS,ST. CROIX ENDODONTICS,25 LAKE ST N STE 110,55025,651-464-7388,nppes,1952709420,ST. CROIX ENDODONTICS,,"25 LAKE ST N, SUITE 110",55025,651-464-7388,0
nppes:1578505152-pl3|nppes:1578505152-pl5,nppes,1578505152-pl3,MINNESOTA ORTHODONTICS,NORTHFIELD ORTHODONTICS,1004 DIFFLEY RD STE 400,55123,651-450-7273,nppes,1578505152-pl5,MINNESOTA ORTHODONTICS,NORTHFIELD ORTHODONTICS,750 MAIN ST STE 217,55118,651-450-7273,9028
nppes:1033840160|nppes:1235322504,nppes,1033840160,"EMERGENCY DENTAL PROFESSIONALS, LLC",EMERGENCY DENTAL PROFESSIONALS,393 DUNLAP ST N STE 308,55104,651-788-7045,nppes,1235322504,OLSON DENTAL ASSOCIATES,,"393 DUNLAP ST N, SUITE 308",55104,651-788-7045,0
nppes:1356854442-pl7|nppes:1821690496,nppes,1356854442-pl7,SMILE ORTHODONTICS STILLWATER LLC,SMILE ORTHODONTICS|SM:)E ORTHO,3197 NORTHDALE BLVD NW,55433,651-351-7777,nppes,1821690496,SMILE ORTHODONTICS STILLWATER LLC,,9424 MAPLE GROVE PKWY N,55311,651-351-7777,
nppes:1578505152-pl3|nppes:1578505152-pl6,nppes,1578505152-pl3,MINNESOTA ORTHODONTICS,NORTHFIELD ORTHODONTICS,1004 DIFFLEY RD STE 400,55123,651-450-7273,nppes,1578505152-pl6,MINNESOTA ORTHODONTICS,NORTHFIELD ORTHODONTICS,16106 PILOT KNOB RD STE 120,55044,651-450-7273,10284
nppes:1578505152-pl4|nppes:1578505152-pl7,nppes,1578505152-pl4,MINNESOTA ORTHODONTICS,NORTHFIELD ORTHODONTICS,14643 MERCANTILE DR N STE 113,55038,651-450-7273,nppes,1578505152-pl7,MINNESOTA ORTHODONTICS,NORTHFIELD ORTHODONTICS,7864 CENTURY BLVD,55317,651-450-7273,
nppes:1518572916|nppes:1821690496,nppes,1518572916,SMILE ORTHODONTICS STILLWATER LLC,SMILE ORTHODONTICS,2008 FORD PKWY,55116,651-351-7777,nppes,1821690496,SMILE ORTHODONTICS STILLWATER LLC,,9424 MAPLE GROVE PKWY N,55311,651-351-7777,
nppes:1619141942|osm:way/1236974632,nppes,1619141942,"CRYSTAL LAKE DENTAL CARE OF ROBBINSDALE, PLLC",,3925 37TH AVE N,55422,763-588-8426,osm,way/1236974632,Crystal Lake Dental Care,,3925 37th Avenue North,55422,+1-763-588-8426,12
nppes:1356854442-pl4|nppes:1356854442-pl7,nppes,1356854442-pl4,SMILE ORTHODONTICS STILLWATER LLC,SMILE ORTHODONTICS|SM:)E ORTHO,3007 LYNDALE AVE S,55408,651-351-7777,nppes,1356854442-pl7,SMILE ORTHODONTICS STILLWATER LLC,SMILE ORTHODONTICS|SM:)E ORTHO,3197 NORTHDALE BLVD NW,55433,651-351-7777,26935
nppes:1578505152-pl4|nppes:1578505152-pl6,nppes,1578505152-pl4,MINNESOTA ORTHODONTICS,NORTHFIELD ORTHODONTICS,14643 MERCANTILE DR N STE 113,55038,651-450-7273,nppes,1578505152-pl6,MINNESOTA ORTHODONTICS,NORTHFIELD ORTHODONTICS,16106 PILOT KNOB RD STE 120,55044,651-450-7273,
nppes:1356854442-pl10|nppes:1356854442-pl2,nppes,1356854442-pl10,SMILE ORTHODONTICS STILLWATER LLC,SMILE ORTHODONTICS|SM:)E ORTHO,1670 BEAM AVE STE 203,55109,651-351-7777,nppes,1356854442-pl2,SMILE ORTHODONTICS STILLWATER LLC,SMILE ORTHODONTICS|SM:)E ORTHO,1670 BEAM AVE STE 202,55109,651-351-7777,0
nppes:1649782756|osm:way/510514973,nppes,1649782756,FRANCO & ASSOCIATES FAMILY AND COSMETIC DENTISTRY,,120 SNELLING AVE N,55104,651-645-6111,osm,way/510514973,Franco & Associates Family and Cosmetic Dentistry,,120 Snelling Avenue,55104,+1-651-645-6111,34
nppes:1801941943|nppes:1952042053,nppes,1801941943,"GROUP HEALTH, INC.",HEALTHPARTNERS ST. PAUL DENTAL CLINIC,205 WABASHA ST S,55107,651-227-3757,nppes,1952042053,"GROUP HEALTH, INC.",HEALTHPARTNERS ST. PAUL RESIDENCY DENTAL,205 WABASHA ST S,55107,651-254-7373,0
nppes:1093997546|osm:node/1719957678,nppes,1093997546,"FAMILY & COSMETIC GENTLE DENTISTRY, LTD",,1340 DUCKWOOD DR,55123,651-209-9999,osm,node/1719957678,Gentle Dentistry,,1340 Duckwood Drive,55123,+1 651-209-9999,81
nppes:1578505152-pl1|nppes:1578505152-pl4,nppes,1578505152-pl1,MINNESOTA ORTHODONTICS,NORTHFIELD ORTHODONTICS,1004 DIFFLEY RD STE 400,55123,651-450-7273,nppes,1578505152-pl4,MINNESOTA ORTHODONTICS,NORTHFIELD ORTHODONTICS,14643 MERCANTILE DR N STE 113,55038,651-450-7273,
nppes:1356854442-pl2|nppes:1356854442-pl9,nppes,1356854442-pl2,SMILE ORTHODONTICS STILLWATER LLC,SMILE ORTHODONTICS|SM:)E ORTHO,1670 BEAM AVE STE 202,55109,651-351-7777,nppes,1356854442-pl9,SMILE ORTHODONTICS STILLWATER LLC,SMILE ORTHODONTICS|SM:)E ORTHO,11995 SINGLETREE LN STE 110,55344,651-351-7777,36752
nppes:1114324951|nppes:1295858991,nppes,1114324951,DENTAL ASSOCIATES OF ST. PAUL PA,,1790 7TH ST E,55119,651-735-0595,nppes,1295858991,"DENTAL DELIVERY SYSTEMS ST PAUL, PA",DENTAL ASSOCIATES OF ST. PAUL,1790 7TH STREET E.,55119,651-735-0595,0
nppes:1154971380-pl1|nppes:1235429267,nppes,1154971380-pl1,GENTLE DENTISTRY OF BLOOMINGTON PLLC,,1714 COPE AVE E,55109,651-770-0055,nppes,1235429267,"FAMILY & COSMETIC GENTLE DENTISTRY, LTD",,1714 COPE AVE E,55109,651-770-0055,0
nppes:1578505152-pl5|nppes:1578505152-pl6,nppes,1578505152-pl5,MINNESOTA ORTHODONTICS,NORTHFIELD ORTHODONTICS,750 MAIN ST STE 217,55118,651-450-7273,nppes,1578505152-pl6,MINNESOTA ORTHODONTICS,NORTHFIELD ORTHODONTICS,16106 PILOT KNOB RD STE 120,55044,651-450-7273,19272
nppes:1356854442-pl13|nppes:1356854442-pl9,nppes,1356854442-pl13,SMILE ORTHODONTICS STILLWATER LLC,SMILE ORTHODONTICS|SM:)E ORTHO,8980 HUDSON BLVD N,55042,651-351-7777,nppes,1356854442-pl9,SMILE ORTHODONTICS STILLWATER LLC,SMILE ORTHODONTICS|SM:)E ORTHO,11995 SINGLETREE LN STE 110,55344,651-351-7777,41094
nppes:1801991146|osm:way/914286353,nppes,1801991146,FAMILY ORTHODONTICS PA,,5804 EXCELSIOR BLVD,55416,952-922-7117,osm,way/914286353,Family Orthodontics,,5804 Excelsior Boulevard,55416,+19529227117,16
nppes:1407325830-pl2|nppes:1407325830-pl5,nppes,1407325830-pl2,FACIAL PAIN CENTER PLLC,,4155 DEAN LAKES BLVD,55379,952-926-3858,nppes,1407325830-pl5,FACIAL PAIN CENTER PLLC,,"5000 W 38TH STREET, STE. 250",55416,952-926-3858,
nppes:1437704020|osm:way/636034786,nppes,1437704020,GRAND AVENUE SMILES,,1845 GRAND AVENUE,55105,651-690-5262,osm,way/636034786,Grand Avenue Smiles,,1845 Grand Avenue,55105,+16516905262,41
nppes:1760837041|nppes:1952399685,nppes,1760837041,FAMILY AND COSMETIC GENTLE DENTISTRY,FAMILY AND COSMETIC GENTLE DENTISTRY,5107 GUS YOUNG LN,55436,952-929-0641,nppes,1952399685,"FAMILY & COSMETIC GENTLE DENTISTRY, LTD.",,5100 EDEN AVE STE 209,55436,952-929-0641,222
nppes:1619277043|nppes:1689847519,nppes,1619277043,"REKA KOERNER D.D.S.,P.A.",901 FAMILY DENTISTRY,901 23RD AVE NE,55418,612-789-9444,nppes,1689847519,901 FAMILY DENTISTRY P.A.,901 FAMILY DENTISTRY INC.,901 23RD AVE NE,55418,612-789-9444,0
nppes:1902978893|osm:node/12569712465,nppes,1902978893,J&D DENTAL DDS PA,,"109 S 7TH ST, SUITE 133",55402,612-332-0592,osm,node/12569712465,J&D Dental,,"109 South 7th Street, 133",55402,+1-612-332-0592,23
nppes:1154971380|nppes:1942668702,nppes,1154971380,GENTLE DENTISTRY OF BLOOMINGTON PLLC,,10611 FRANCE AVE S STE 201,55431,952-881-8404,nppes,1942668702,POINT FAMILY DENTISTRY,,10611 FRANCE AVE S STE 201,55431,952-881-8404,0
nppes:1477170108-pl2|nppes:1477170108-pl4,nppes,1477170108-pl2,JESSE N VEIL DDS MS PA,VEIL & WILD ORTHODONTICS,600 W 98TH ST STE 300,55420,952-903-9484,nppes,1477170108-pl4,JESSE N VEIL DDS MS PA,VEIL & WILD ORTHODONTICS,40 S 7TH ST STE 220,55402,952-903-9484,
nppes:1437580818|nppes:1588774152,nppes,1437580818,BRITE SMILES DENTAL CARE,,8977 HUNTERS WAY,55124,952-891-8484,nppes,1588774152,DENNIS C SIMMONS DDS PA,BRITE SMILES DENTAL CARE,8977 HUNTERS WAY,55124,952-891-8484,0
nppes:1629199617|nppes:1790389005,nppes,1629199617,"ST. CROIX ENDODONTICS, P.A.",,11945 CENTRAL AVE NE,55434,763-767-9119,nppes,1790389005,ST. CROIX ENDODONTICS,ST. CROIX ENDODONTICS,11855 ULYSSES ST NE STE 260,55434,763-767-9119,232
nppes:1356854442-pl7|nppes:1356854442-pl9,nppes,1356854442-pl7,SMILE ORTHODONTICS STILLWATER LLC,SMILE ORTHODONTICS|SM:)E ORTHO,3197 NORTHDALE BLVD NW,55433,651-351-7777,nppes,1356854442-pl9,SMILE ORTHODONTICS STILLWATER LLC,SMILE ORTHODONTICS|SM:)E ORTHO,11995 SINGLETREE LN STE 110,55344,651-351-7777,37311
nppes:1013216811|nppes:1659670362,nppes,1013216811,MINNEAPOLIS-ST. PAUL PERIODONTICS,,1109 EAST MOORE LAKE DRIVE,55432,651-439-2600,nppes,1659670362,NORTHERN ORTHODONTICS,,1109 EAST MOORE LAKE DRIVE,55432,651-439-2600,0
nppes:1386189272|nppes:1508926841,nppes,1386189272,"WAYZATA ENDODONTICS, P.A.",,"101 LAKE STREET WEST, SUITE 100",55391,952-476-0070,nppes,1508926841,WAYZATA ENDODONTICS PA,,"250 N CENTRAL AVE, SUITE 303",55391,952-476-0070,1669
nppes:1477170108|nppes:1477170108-pl3,nppes,1477170108,JESSE N VEIL DDS MS PA,VEIL & WILD ORTHODONTICS,250 FULLER ST S STE 100,55379,952-903-9484,nppes,1477170108-pl3,JESSE N VEIL DDS MS PA,VEIL & WILD ORTHODONTICS,7533 EGAN DR,55378,952-903-9484,13182
nppes:1407325830-pl6|nppes:1407325830-pl7,nppes,1407325830-pl6,FACIAL PAIN CENTER PLLC,,4200 W OLD SHAKOPEE RD STE 100,55437,952-926-3858,nppes,1407325830-pl7,FACIAL PAIN CENTER PLLC,,40 W NICOLLET BLVD,55337,952-926-3858,7816
nppes:1023127388|nppes:1821079583,nppes,1023127388,G2 SOUTH PLLC,,5846 BLACKSHIRE PATH,55076,651-389-1133,nppes,1821079583,G2 SOUTH,,5846 BLACKSHIRE PATH,55016,651-389-1133,0
nppes:1356854442-pl10|nppes:1356854442-pl9,nppes,1356854442-pl10,SMILE ORTHODONTICS STILLWATER LLC,SMILE ORTHODONTICS|SM:)E ORTHO,1670 BEAM AVE STE 203,55109,651-351-7777,nppes,1356854442-pl9,SMILE ORTHODONTICS STILLWATER LLC,SMILE ORTHODONTICS|SM:)E ORTHO,11995 SINGLETREE LN STE 110,55344,651-351-7777,36752
nppes:1851466155|osm:way/697893580,nppes,1851466155,CHALET DENTAL CARE,,1651 N DALE ST,55117,651-488-5888,osm,way/697893580,Chalet Dental,,1651 Dale Street North,55117,+1-651-413-9150,26
nppes:1356854442|nppes:1518572916,nppes,1356854442,SMILE ORTHODONTICS STILLWATER LLC,SMILE ORTHODONTICS|SM:)E ORTHO,2224 HENNEPIN AVE,55405,651-351-7777,nppes,1518572916,SMILE ORTHODONTICS STILLWATER LLC,SMILE ORTHODONTICS,2008 FORD PKWY,55116,651-351-7777,9730
nppes:1164758199|osm:node/12124640947,nppes,1164758199,"STEPHEN P. BOGER, DDS, PA",BOGER DENTAL,"2720 ANNAPOLIS CIRCLE, SUITE A",55441,763-546-7707,osm,node/12124640947,Boger Dental,,"2720 Annapolis Circle North, Suite A",55441,+1-763-546-7707,186
nppes:1386035590|nppes:1386516433,nppes,1386035590,MOORE LAKE DENTAL,,"6230 HIGHWAY 65 NE, SUITE 105",55432,763-571-5497,nppes,1386516433,STEADY DENTAL,,6230 HIGHWAY 65 NE STE 105,55432,763-571-5497,0
nppes:1073953832|nppes:1154926939,nppes,1073953832,EAGAN VALLEY DENTAL CENTER,,14050 PILOT KNOB RD,55124,952-423-4414,nppes,1154926939,"MINNESOTA DENTAL PROFESSIONALS, P.C.",MOSAIC DENTAL-APPLE VALLEY,14050 PILOT KNOB RD STE 108,55124,952-423-4414,0
nppes:1144978560|nppes:1285774398,nppes,1144978560,"NORTHLAND DENTAL PARTNERS, PLLC",METRO DENTALCARE BLAINE PHEASANT RIDGE,4255 PHEASANT RIDGE DR NE STE 407,55449,763-225-6100,nppes,1285774398,ASSOCIATED DENTAL,ASSURE DENTAL,"4255 PHEASANT RIDGE DR NE, SUITE 407",55449,763-225-6100,0
nppes:1174045975|nppes:1225095052,nppes,1174045975,"THE DENTAL SPECIALISTS OF MINNESOTA, PLLC",TWIN CITIES ENDODONTICS SPECIALIST PA,4640 NICOLS RD STE 202,55122,651-994-1344,nppes,1225095052,"TWIN CITIES ENDODONTIC SPECIALISTS, P.A.",,"4640 NICOLS RD, SUITE 202",55122,651-994-1344,0
nppes:1043435951|nppes:1295238178,nppes,1043435951,"NORTHEAST DENTAL, P.A.",,4520 CENTERVILLE RD,55127,651-426-4799,nppes,1295238178,MODERN DENTAL PROFESSIONALS MINNESOTA PC,MIDWEST DENTAL - WHITE BEAR LAKE,4520 CENTERVILLE RD,55127,651-426-4799,0
nppes:1356854442-pl13|nppes:1356854442-pl7,nppes,1356854442-pl13,SMILE ORTHODONTICS STILLWATER LLC,SMILE ORTHODONTICS|SM:)E ORTHO,8980 HUDSON BLVD N,55042,651-351-7777,nppes,1356854442-pl7,SMILE ORTHODONTICS STILLWATER LLC,SMILE ORTHODONTICS|SM:)E ORTHO,3197 NORTHDALE BLVD NW,55433,651-351-7777,42335
nppes:1356525331|nppes:1972995587,nppes,1356525331,ECKART DENTAL CENTER P.A.,,300 1ST AVE E,55379,952-445-1352,nppes,1972995587,"ECKART DENTAL CENTER, LLC",,300 1ST AVENUE E,55379,952-445-1352,0
nppes:1326156910|nppes:1356525331,nppes,1326156910,ECKART DENTAL CENTER LLC,,300 1ST AVE E,55379,952-445-1352,nppes,1356525331,ECKART DENTAL CENTER P.A.,,300 1ST AVE E,55379,952-445-1352,0
nppes:1578505152-pl5|nppes:1578505152-pl7,nppes,1578505152-pl5,MINNESOTA ORTHODONTICS,NORTHFIELD ORTHODONTICS,750 MAIN ST STE 217,55118,651-450-7273,nppes,1578505152-pl7,MINNESOTA ORTHODONTICS,NORTHFIELD ORTHODONTICS,7864 CENTURY BLVD,55317,651-450-7273,37134
nppes:1447860523|osm:node/5361754637,nppes,1447860523,MODERN DENTAL PROFESSIONALS MINNESOTA PC,MIDWEST DENTAL - SEWARD,2010 27TH AVE S,55406,612-336-8478,osm,node/5361754637,Midwest Dental,,2010 27th Avenue South,55406,+1-612-336-8478,15
nppes:1356854442-pl10|nppes:1457064800,nppes,1356854442-pl10,SMILE ORTHODONTICS STILLWATER LLC,SMILE ORTHODONTICS|SM:)E ORTHO,1670 BEAM AVE STE 203,55109,651-351-7777,nppes,1457064800,"SMILE ORTHODONTICS STILLWATER, LLC",SMILE ORTHODONTICS,2150 3RD AVE STE 110,55303,651-351-7777,33927
nppes:1316538101|nppes:1952042053,nppes,1316538101,"GROUP HEALTH, INC.",HEALTHPARTNERS PEDIATRIC DENTAL,205 WABASHA ST S,55107,651-293-8300,nppes,1952042053,"GROUP HEALTH, INC.",HEALTHPARTNERS ST. PAUL RESIDENCY DENTAL,205 WABASHA ST S,55107,651-254-7373,0
nppes:1356854442-pl5|nppes:1457064800,nppes,1356854442-pl5,SMILE ORTHODONTICS STILLWATER LLC,SMILE ORTHODONTICS|SM:)E ORTHO,2150 3RD AVE STE 200,55303,651-351-7777,nppes,1457064800,"SMILE ORTHODONTICS STILLWATER, LLC",SMILE ORTHODONTICS,2150 3RD AVE STE 110,55303,651-351-7777,0
nppes:1578505152-pl2|nppes:1578505152-pl4,nppes,1578505152-pl2,MINNESOTA ORTHODONTICS,NORTHFIELD ORTHODONTICS,14643 MERCANTILE DR N STE 113,55038,651-450-7273,nppes,1578505152-pl4,MINNESOTA ORTHODONTICS,NORTHFIELD ORTHODONTICS,14643 MERCANTILE DR N STE 113,55038,651-450-7273,
nppes:1053831941|osm:node/8141725494,nppes,1053831941,CHANHASSEN FAMILY DENTISTRY PA,,8116 MALLORY CT,55317,953-443-3368,osm,node/8141725494,Chanhassen Family Dentistry,,8116 Mallory Court,55317,+1-952-443-3368,38
nppes:1356854442-pl7|nppes:1518572916,nppes,1356854442-pl7,SMILE ORTHODONTICS STILLWATER LLC,SMILE ORTHODONTICS|SM:)E ORTHO,3197 NORTHDALE BLVD NW,55433,651-351-7777,nppes,1518572916,SMILE ORTHODONTICS STILLWATER LLC,SMILE ORTHODONTICS,2008 FORD PKWY,55116,651-351-7777,32461
nppes:1578505152-pl1|nppes:1578505152-pl2,nppes,1578505152-pl1,MINNESOTA ORTHODONTICS,NORTHFIELD ORTHODONTICS,1004 DIFFLEY RD STE 400,55123,651-450-7273,nppes,1578505152-pl2,MINNESOTA ORTHODONTICS,NORTHFIELD ORTHODONTICS,14643 MERCANTILE DR N STE 113,55038,651-450-7273,
nppes:1619781770|osm:node/1696599650,nppes,1619781770,RIVERBEND FAMILY DENTAL,,241 CLEVELAND AVE S STE D1,55105,651-699-3212,osm,node/1696599650,Riverbed Family Dentist,,,,+1 651-699-3212,27
nppes:1013933381-pl2|nppes:1013933381-pl3,nppes,1013933381-pl2,SHAKOPEE MDEWAKANTON SIOUX COMMUNITY,SHAKOPEE DAKOTA CLINIC,2360 SIOUX TRL NW,55372,952-233-2886,nppes,1013933381-pl3,SHAKOPEE MDEWAKANTON SIOUX COMMUNITY,SHAKOPEE DAKOTA CLINIC,2705 WOZANI OCANKU NW,55372,952-233-2886,
nppes:1669894887|osm:node/6611097224,nppes,1669894887,"ORTHODONTIC CARE SPECIALISTS, PLLC",ORTHODONTIC CARE SPECIALISTS,4980 W. 77TH ST.,55436,952-920-1373,osm,node/6611097224,Orthodontic Care Specialists,,,,+1-952-920-1373,7488
nppes:1326284597|nppes:1841462652,nppes,1326284597,MAHTOMEDI DENTAL CLINIC,,814 MAHTOMEDI AVE,55115,651-426-0011,nppes,1841462652,MAHTOMEDI DENTAL CLINIC,NORTH ST. PAUL DENTAL,"814 MAHTOMEDI AVE, MAHTOMEDI DENTAL",55115,651-426-0011,0
nppes:1356854442|nppes:1356854442-pl9,nppes,1356854442,SMILE ORTHODONTICS STILLWATER LLC,SMILE ORTHODONTICS|SM:)E ORTHO,2224 HENNEPIN AVE,55405,651-351-7777,nppes,1356854442-pl9,SMILE ORTHODONTICS STILLWATER LLC,SMILE ORTHODONTICS|SM:)E ORTHO,11995 SINGLETREE LN STE 110,55344,651-351-7777,15709
nppes:1194453951|osm:node/7147743967,nppes,1194453951,COMO PARK DENTISTRY PA,COMO PARK DENTISTRY,1132 LARPENTEUR AVE W,55113,507-272-5955,osm,node/7147743967,Como Park Dentistry,,1132 Larpenteur Avenue West,55113,+1-651-489-0641,51
nppes:1477677946|nppes:1932842663,nppes,1477677946,ORTHODONTIC CARE GROUP,ORTHODONTIC CARE SPECIALISTS,8980 HUDSON BLVD N,55042,651-501-1467,nppes,1932842663,FAMILY ORTHODONTIC SPECIALISTS PLC,WOODLAKE ORTHODONTICS LAKE ELMO,8980 HUDSON BLVD N,55042,651-501-1467,0
nppes:1356854442-pl13|nppes:1356854442-pl5,nppes,1356854442-pl13,SMILE ORTHODONTICS STILLWATER LLC,SMILE ORTHODONTICS|SM:)E ORTHO,8980 HUDSON BLVD N,55042,651-351-7777,nppes,1356854442-pl5,SMILE ORTHODONTICS STILLWATER LLC,SMILE ORTHODONTICS|SM:)E ORTHO,2150 3RD AVE STE 200,55303,651-351-7777,45800
nppes:1124192208|nppes:1720772791,nppes,1124192208,"CITY OF LAKES DENTAL, P.A.",,5524 NICOLLET AVE,55419,612-823-1816,nppes,1720772791,TAXPAYER NAME: MORGANDIA D.C./DOING BUSINESS AS CITY IF LAKES DENTAL,,5524 NICOLLET AVE.,55419,612-823-1816,0
nppes:1114522992|nppes:1902146335,nppes,1114522992,"MINNESOTA DENTAL PROFESSIONALS, P.C.",MOSAIC DENTAL-EAGAN,4555 ERIN DR STE 180,55122,651-681-9044,nppes,1902146335,EAGAN VALLEY DENTAL CENTER P.A.,,4555 ERIN DR,55122,651-681-9044,0
nppes:1477170108-pl2|nppes:1477170108-pl3,nppes,1477170108-pl2,JESSE N VEIL DDS MS PA,VEIL & WILD ORTHODONTICS,600 W 98TH ST STE 300,55420,952-903-9484,nppes,1477170108-pl3,JESSE N VEIL DDS MS PA,VEIL & WILD ORTHODONTICS,7533 EGAN DR,55378,952-903-9484,
nppes:1043265481|nppes:1821498858,nppes,1043265481,NORTHSTAR DENTAL CLINIC PA,,"675 E NICOLLET BLVD, SUITE 120",55337,952-892-7700,nppes,1821498858,SARAH L CARLSON DDS PA,NORTHSTAR DENTAL CLINIC,675 E NICOLLET BLVD STE 120,55337,952-892-7700,0
nppes:1407325830-pl1|nppes:1407325830-pl2,nppes,1407325830-pl1,FACIAL PAIN CENTER PLLC,,13059 RIDGEDALE DR,55305,952-926-3858,nppes,1407325830-pl2,FACIAL PAIN CENTER PLLC,,4155 DEAN LAKES BLVD,55379,952-926-3858,21010
nppes:1578505152-pl1|nppes:1578505152-pl6,nppes,1578505152-pl1,MINNESOTA ORTHODONTICS,NORTHFIELD ORTHODONTICS,1004 DIFFLEY RD STE 400,55123,651-450-7273,nppes,1578505152-pl6,MINNESOTA ORTHODONTICS,NORTHFIELD ORTHODONTICS,16106 PILOT KNOB RD STE 120,55044,651-450-7273,10284
nppes:1407325830-pl1|nppes:1407325830-pl7,nppes,1407325830-pl1,FACIAL PAIN CENTER PLLC,,13059 RIDGEDALE DR,55305,952-926-3858,nppes,1407325830-pl7,FACIAL PAIN CENTER PLLC,,40 W NICOLLET BLVD,55337,952-926-3858,27390
nppes:1578505152-pl1|nppes:1578505152-pl5,nppes,1578505152-pl1,MINNESOTA ORTHODONTICS,NORTHFIELD ORTHODONTICS,1004 DIFFLEY RD STE 400,55123,651-450-7273,nppes,1578505152-pl5,MINNESOTA ORTHODONTICS,NORTHFIELD ORTHODONTICS,750 MAIN ST STE 217,55118,651-450-7273,9028
nppes:1356854442-pl1|nppes:1356854442-pl7,nppes,1356854442-pl1,SMILE ORTHODONTICS STILLWATER LLC,SMILE ORTHODONTICS|SM:)E ORTHO,266 E TRAVELERS TRL STE 105,55337,651-351-7777,nppes,1356854442-pl7,SMILE ORTHODONTICS STILLWATER LLC,SMILE ORTHODONTICS|SM:)E ORTHO,3197 NORTHDALE BLVD NW,55433,651-351-7777,46087
nppes:1053481010|nppes:1992083125,nppes,1053481010,PRINVEV DENTAL P.A,,4227 WINNETKA AVE N,55428,763-536-1100,nppes,1992083125,"PIONEER DENTAL, P.A.",,4227 WINNETKA AVE N,55428,763-536-1100,0
nppes:1326156910|nppes:1972995587,nppes,1326156910,ECKART DENTAL CENTER LLC,,300 1ST AVE E,55379,952-445-1352,nppes,1972995587,"ECKART DENTAL CENTER, LLC",,300 1ST AVENUE E,55379,952-445-1352,0
nppes:1407973605|nppes:1669842662-pl1,nppes,1407973605,CHILDRENS DENTAL SERVICES INC,,636 BROADWAY ST. NE,55413,612-746-1530,nppes,1669842662-pl1,CHILDREN'S DENTAL SERVICES,,636 BROADWAY ST NE,55413,612-746-1530,0
nppes:1780866962|nppes:1942352216,nppes,1780866962,"NORTHLAND DENTAL PARTNERS, PLLC",METRO DENTALCARE,"3030 CENTRE POINTE DR, SUITE 100",55113,651-286-8100,nppes,1942352216,ASSOCIATED DENTAL CARE,ASSURE DENTAL,3030 CENTRE POINTE DR,55113,651-286-8100,0
nppes:1578505152-pl1|nppes:1578505152-pl3,nppes,1578505152-pl1,MINNESOTA ORTHODONTICS,NORTHFIELD ORTHODONTICS,1004 DIFFLEY RD STE 400,55123,651-450-7273,nppes,1578505152-pl3,MINNESOTA ORTHODONTICS,NORTHFIELD ORTHODONTICS,1004 DIFFLEY RD STE 400,55123,651-450-7273,0
nppes:1356854442-pl13|nppes:1821690496,nppes,1356854442-pl13,SMILE ORTHODONTICS STILLWATER LLC,SMILE ORTHODONTICS|SM:)E ORTHO,8980 HUDSON BLVD N,55042,651-351-7777,nppes,1821690496,SMILE ORTHODONTICS STILLWATER LLC,,9424 MAPLE GROVE PKWY N,55311,651-351-7777,
nppes:1437754215|nppes:1518407014,nppes,1437754215,"MINNESOTA DENTAL PROFESSIONALS, P.C.",MOSAIC DENTAL-BURNSVILLE/NICOLLET,12401 NICOLLET AVE STE 2,55337,952-890-4255,nppes,1518407014,EV DENTAL P.A,,12401 NICOLLET AVE,55337,952-890-4255,0
nppes:1356854442-pl4|nppes:1821690496,nppes,1356854442-pl4,SMILE ORTHODONTICS STILLWATER LLC,SMILE ORTHODONTICS|SM:)E ORTHO,3007 LYNDALE AVE S,55408,651-351-7777,nppes,1821690496,SMILE ORTHODONTICS STILLWATER LLC,,9424 MAPLE GROVE PKWY N,55311,651-351-7777,
nppes:1356854442-pl1|nppes:1356854442-pl5,nppes,1356854442-pl1,SMILE ORTHODONTICS STILLWATER LLC,SMILE ORTHODONTICS|SM:)E ORTHO,266 E TRAVELERS TRL STE 105,55337,651-351-7777,nppes,1356854442-pl5,SMILE ORTHODONTICS STILLWATER LLC,SMILE ORTHODONTICS|SM:)E ORTHO,2150 3RD AVE STE 200,55303,651-351-7777,47981
nppes:1023681152|nppes:1023681152-pl1,nppes,1023681152,"ORTHODONTIC PARTNERS OF MINNESOTA, PLLC",DUNN ORTHODONTICS,650 COMMERCE DR STE 170,55125,651-738-3866,nppes,1023681152-pl1,"ORTHODONTIC PARTNERS OF MINNESOTA, PLLC",DUNN ORTHODONTICS,6936 PINE ARBOR DR S STE 220,55016,651-738-3866,
nppes:1548282585|osm:node/3201016445,nppes,1548282585,"ADT DENTAL, LTD.",,2232 HENNEPIN AVE,55405,612-377-6108,osm,node/3201016445,ADT Dental,,"2230,2232 Hennepin Avenue South",55408,+1 612 377 6108,61
nppes:1336560275|nppes:1942357397,nppes,1336560275,"VENEMAN DENTAL CARE, PA",,"1774 COPE AVE, SUITE 110",55109,651-770-7175,nppes,1942357397,VENEMAN DENTAL CARE,,1650 BEAM AVE,55109,651-770-7175,2046
